{
    "engcal": [
        0.049909817570162524,
        0.1826789535751942,
        1.4840220783333378e-08
    ],
    "effcal": [
        0.0034877135298619307,
        75.33841861921107,
        1.9006577280798842,
        1.1106781394637617,
        1.5806509228777934
    ],
    "unc_effcal": [
        [
            1.2182370127736437e-07,
            -471.97524158432196,
            3.5834798782544375e-07,
            2.6822523610915312e-05,
            -0.00012622964332414238
        ],
        [
            -471.9752415843219,
            1261477055660316.2,
            569383.6188552033,
            182630.66240968017,
            281410.3917097835
        ],
        [
            3.58347987825444e-07,
            569383.6188552033,
            0.001132287292784385,
            0.0009720110046066114,
            -0.0012771659514186496
        ],
        [
            2.6822523610915312e-05,
            182630.66240968014,
            0.0009720110046066114,
            0.007167650157289438,
            -0.029745570005997413
        ],
        [
            -0.0001262296433241424,
            281410.3917097835,
            -0.0012771659514186496,
            -0.029745570005997413,
            0.13440833682661288
        ]
    ],
    "rescal": [
        2.5480223051063255,
        0.00037966615315109675
    ],
    "_calib_data": {
        "engcal": {
            "channel": [
                3619.659294320234,
                665.8696014586826,
                1339.4477620753717,
                1618.960511122293,
                1884.2321799563383,
                2012.535287114717,
                2249.66300439537,
                2429.306420842961,
                2673.7832071271,
                3085.924558231411,
                3207.0162294990005,
                3712.3582182613586,
                3767.2781678417123,
                3934.544865113197,
                4261.264882224015,
                4434.482561770649,
                4745.434192891373,
                5028.846534967169,
                5067.4716028621415,
                5274.423150210867,
                5499.253975296294,
                5940.962662003361,
                5962.736493521368,
                6084.33083053111,
                6636.413796591211,
                7108.5480727293625,
                7703.8054858155465,
                7982.784999999999,
                8362.749737788816,
                434.5762305772837,
                442.5264547087473,
                878.5422029092709,
                1222.348806497712,
                1513.104009627689,
                1657.6484152093324,
                1948.4814446566827,
                2100.715606146943
            ],
            "energy": [
                661.657,
                121.7817,
                244.6974,
                295.9387,
                344.2785,
                367.7891,
                411.1165,
                443.9606,
                488.6792,
                563.986,
                586.2648,
                678.623,
                688.67,
                719.346,
                778.9045,
                810.451,
                867.38,
                919.337,
                926.31,
                964.057,
                1005.27,
                1085.837,
                1089.737,
                1112.076,
                1212.948,
                1299.142,
                1408.013,
                1457.643,
                1528.1,
                79.6142,
                80.9979,
                160.612,
                223.2368,
                276.3989,
                302.8508,
                356.0129,
                383.8485
            ],
            "unc_channel": [
                0.013701886857131184,
                0.005902921447111644,
                0.00834300982217943,
                0.05771700926770516,
                0.004765288719926247,
                0.04670810430919712,
                0.02054598517794489,
                0.016721192840429156,
                0.06578106739398479,
                0.09889471702554671,
                0.22082666679491067,
                0.12654871301753062,
                0.06651607110051837,
                0.18399016189378728,
                0.013007485138083086,
                0.17723925721193234,
                0.02602018095657829,
                0.13090215557651863,
                0.15379932882087416,
                0.01840091420715295,
                0.08589404952053947,
                0.01892560992840205,
                0.05290468602087138,
                0.019963579826031277,
                0.0614727653179973,
                0.055665875424069804,
                0.028603184261101068,
                0.48585364511128365,
                0.19717388091423912,
                0.24803180395349386,
                0.02619540093292022,
                0.06751536219528029,
                0.11873714004228528,
                0.013454275641452585,
                0.0076505707351474175,
                0.009038270235402615,
                0.013986836598461722
            ],
            "fit": [
                0.049909817570162524,
                0.1826789535751942,
                1.4840220783333378e-08
            ],
            "unc": [
                [
                    0.0019497082437994915,
                    -1.4105128711269093e-06,
                    1.8305748954942526e-10
                ],
                [
                    -1.4105128711269093e-06,
                    1.167088798603519e-09,
                    -1.6105777513405147e-13
                ],
                [
                    1.8305748954942526e-10,
                    -1.6105777513405147e-13,
                    2.412666586532081e-17
                ]
            ]
        },
        "rescal": {
            "channel": [
                3619.659294320234,
                665.8696014586826,
                1339.4477620753717,
                1618.960511122293,
                1884.2321799563383,
                2012.535287114717,
                2249.66300439537,
                2429.306420842961,
                2673.7832071271,
                3085.924558231411,
                3207.0162294990005,
                3712.3582182613586,
                3767.2781678417123,
                3934.544865113197,
                4261.264882224015,
                4434.482561770649,
                4745.434192891373,
                5028.846534967169,
                5067.4716028621415,
                5274.423150210867,
                5499.253975296294,
                5940.962662003361,
                5962.736493521368,
                6084.33083053111,
                6636.413796591211,
                7108.5480727293625,
                7703.8054858155465,
                7982.784999999999,
                8362.749737788816,
                434.5762305772837,
                442.5264547087473,
                878.5422029092709,
                1222.348806497712,
                1513.104009627689,
                1657.6484152093324,
                1948.4814446566827,
                2100.715606146943
            ],