{
    "engcal": [
        0.1212458550957247,
        0.1825965001678738,
        2.4941765736757255e-08
    ],
    "effcal": [
        0.01764412843065068,
        5.790656219333184,
        1.6496906415079153,
        1.0185379952851825,
        1.609849596560561
    ],
    "unc_effcal": [
        [
            2.54661504300402e-06,
            0.0050754938201098545,
            0.00031856172596183744,
            0.00017061748683053392,
            -0.0006445536509361331
        ],
        [
            0.0050754938201098545,
            74.7967463070267,
            4.665030296319108,
            0.771698178290963,
            -2.1877336920324297
        ],
        [
            0.00031856172596183744,
            4.665030296319107,
            0.2918176793116381,
            0.04913946927819182,
            -0.13793278223926428
        ],
        [
            0.00017061748683053392,
            0.771698178290963,
            0.04913946927819183,
            0.01581696713083347,
            -0.051469204047161085
        ],
        [
            -0.0006445536509361331,
            -2.1877336920324297,
            -0.13793278223926428,
            -0.051469204047161085,
            0.17957514231656177
        ]
    ],
    "rescal": [
        2.602974580698412,
        0.00036379450103230215
    ],
    "_calib_data": {
        "engcal": {
            "channel": [
                3619.867695615525,
                665.913412129144,
                1339.4862330856172,
                1619.8468819838076,
                1884.3327262980795,
                2012.353533770559,
                2249.7119892146716,
                2429.406599234471,
                2673.583270029513,
                3086.537992793539,
                3207.1025076875376,
                3712.9147810538225,
                3768.30416333921,
                3936.6118337211465,
                4261.327031026543,
                4433.692369955211,
                4745.503248099425,
                5030.322255890003,
                5069.030529567231,
                5274.654042722476,
                5498.77868647144,
                5941.307572246117,
                5962.526175989644,
                6084.683509155553,
                6636.613103306554,
                7108.778606255656,
                7704.197445606981,
                7982.784999999999,
                8363.48283080733,
                434.88159096024253,
                442.5424133404879,
                878.7777695833034,
                1221.967859195835,
                1513.0764005097624,
                1657.7328774289454,
                1948.537132279078,
                2100.783957429403
            ],
            "energy": [
                661.657,
                121.7817,
                244.6974,
                295.9387,
                344.2785,
                367.7891,
                411.1165,
                443.9606,
                488.6792,
                563.986,
                586.2648,
                678.623,
                688.67,
                719.346,
                778.9045,
                810.451,
                867.38,
                919.337,
                926.31,
                964.057,
                1005.27,
                1085.837,
                1089.737,
                1112.076,
                1212.948,
                1299.142,
                1408.013,
                1457.643,
                1528.1,
                79.6142,
                80.9979,
                160.612,
                223.2368,
                276.3989,
                302.8508,
                356.0129,
                383.8485
            ],
            "unc_channel": [
                0.013375915252628741,
                0.003743811561916728,
                0.008012079368943048,
                0.05546588679924471,
                0.004582625916795045,
                0.047509514888346115,
                0.023772213410234794,
                0.02061900546591759,
                0.06913510286795571,
                0.1453210456455951,
                0.11134666023444968,
                0.12453169193373377,
                0.06820142426952033,
                0.21362843055483352,
                0.015589668740373257,
                0.22768579761733757,
                0.03317602267872882,
                0.14145766887018832,
                0.14907479886333547,
                0.019310118788626436,
                0.10515151633932708,
                0.019192352868767828,
                0.06043287555688396,
                0.025280029681886557,
                0.06861501995677731,
                0.0896734952257534,
                0.028271027038381906,
                0.33995135721552255,
                0.13690174269918604,
                0.1972913519539037,
                0.018031742619238147,
                0.011026398799943693,
                0.017067268401586455,
                0.004968397474063405,
                0.003101542688903109,
                0.0036171540349438478,
                0.007071297959217705
            ],
            "fit": [
                0.1212458550957247,
                0.1825965001678738,
                2.4941765736757255e-08
            ],
            "unc": [
                [
                    0.0014411354434801728,
                    -1.1121428070611182e-06,
                    1.492477451038504e-10
                ],
                [
                    -1.1121428070611182e-06,
                    9.550152607451752e-10,
                    -1.3794068265205375e-13
                ],
                [
                    1.492477451038504e-10,
                    -1.3794068265205375e-13,
                    2.3003079346118158e-17
                ]
            ]
        },
        "rescal": {
            "channel": [
                3619.867695615525,
                665.913412129144,
                1339.4862330856172,
                1619.8468819838076,
                1884.3327262980795,
                2012.353533770559,
                2249.7119892146716,
                2429.406599234471,
                2673.583270029513,
                3086.537992793539,
                3207.1025076875376,
                3712.9147810538225,
                3768.30416333921,
                3936.6118337211465,
                4261.327031026543,
                4433.692369955211,
                4745.503248099425,
                5030.322255890003,
                5069.030529567231,
                5274.654042722476,
                5498.77868647144,
                5941.307572246117,
                5962.526175989644,
                6084.683509155553,
                6636.613103306554,
                7108.778606255656,
                7704.197445606981,
                7982.784999999999,
                8363.48283080733,
                434.88159096024253,
                442.5424133404879,
                878.7777695833034,
                1221.967859195835,
                1513.0764005097624,
                1657.7328774289454,
                1948.537132279078,
                2100.783957429403
            ],