{
    "engcal": [
        0.07056075083125843,
        0.182665799250597,
        1.6591462858383746e-08
    ],
    "effcal": [
        0.004899233246303112,
        4.884532326872984,
        1.5730336786727384,
        0.9912879721560345,
        1.8259045557218536
    ],
    "unc_effcal": [
        [
            1.7671687614114995e-06,
            0.0647815473386229,
            0.004740034117647752,
            0.00014537877299118613,
            -0.0025022431227480968
        ],
        [
            0.0647815473386229,
            3335.2584748361282,
            244.0158242833488,
            2.760339519921327,
            -105.96523641004443
        ],
        [
            0.004740034117647752,
            244.0158242833488,
            17.853815122601468,
            0.20320455746748317,
            -7.75452566820439
        ],
        [
            0.00014537877299118616,
            2.7603395199213274,
            0.20320455746748314,
            0.020892474177897597,
            -0.17114661670870304
        ],
        [
            -0.002502243122748097,
            -105.96523641004443,
            -7.75452566820439,
            -0.17114661670870304,
            3.760444270126572
        ]
    ],
    "rescal": [
        2.5492228977931766,
        0.00037864292644617
    ],
    "_calib_data": {
        "engcal": {
            "channel": [
                3619.6757954559034,
                665.884274681924,
                1339.4022965907607,
                1619.1427325455677,
                1884.233436373315,
                2012.9789932032293,
                2249.615504716628,
                2429.2262598810094,
                2674.091478010578,
                3085.4658959361527,
                3207.5000933430856,
                3712.6206242048984,
                3767.513299379835,
                3935.0329921538414,
                4261.181349449748,
                4434.241515729054,
                4745.5069628574065,
                5029.811568224839,
                5067.369857925508,
                5274.391971083639,
                5499.893745630418,
                5941.064151047142,
                5962.439892925569,
                6084.317689607434,
                6636.524121438866,
                7108.39161208774,
                7703.830408026479,
                7982.784999999999,
                8362.706480861636,
                434.9249089712208,
                442.5191843853437,
                878.6802311323166,
                1222.9859399523243,
                1513.0074081208568,
                1657.701679727477,
                1948.5166889310954,
                2100.693961472179
            ],
            "energy": [
                661.657,
                121.7817,
                244.6974,
                295.9387,
                344.2785,
                367.7891,
                411.1165,
                443.9606,
                488.6792,
                563.986,
                586.2648,
                678.623,
                688.67,
                719.346,
                778.9045,
                810.451,
                867.38,
                919.337,
                926.31,
                964.057,
                1005.27,
                1085.837,
                1089.737,
                1112.076,
                1212.948,
                1299.142,
                1408.013,
                1457.643,
                1528.1,
                79.6142,
                80.9979,
                160.612,
                223.2368,
                276.3989,
                302.8508,
                356.0129,
                383.8485
            ],
            "unc_channel": [
                0.015111319680692294,
                0.005168592452666266,
                0.0077544023425548825,
                0.0795570671635719,
                0.004909223963376407,
                0.05032302961345558,
                0.02068376185233377,
                0.01872529013911467,
                0.07727637151452371,
                0.113578076678595,
                0.16130125132227216,
                0.20178830016092605,
                0.061343778267843534,
                0.189584090454503,
                0.011322654950281385,
                0.23459062145122042,
                0.03068308643967216,
                0.11672992064251753,
                0.22142294483296354,
                0.018518617364219565,
                0.09105859588938321,
                0.020001412478264525,
                0.05524008285591851,
                0.022754244606979068,
                0.062072931559436245,
                0.07352031195216972,
                0.028592906183076777,
                0.4713780058002383,
                0.16680688245154116,
                0.34006100701331266,
                0.033215976406268714,
                0.08023669816530127,
                0.1323200415348238,
                0.018780221652559506,
                0.01022439377938875,
                0.006411573990602657,
                0.015548603543060247
            ],
            "fit": [
                0.07056075083125843,
                0.182665799250597,
                1.6591462858383746e-08
            ],
            "unc": [
                [
                    0.0017112091562892491,
                    -1.2564861202082363e-06,
                    1.6517543142357923e-10
                ],
                [
                    -1.2564861202082363e-06,
                    1.0727972084493609e-09,
                    -1.5112752347521474e-13
                ],
                [
                    1.6517543142357923e-10,
                    -1.5112752347521474e-13,
                    2.3359246876076865e-17
                ]
            ]
        },
        "rescal": {
            "channel": [
                3619.6757954559034,
                665.884274681924,
                1339.4022965907607,
                1619.1427325455677,
                1884.233436373315,
                2012.9789932032293,
                2249.615504716628,
                2429.2262598810094,
                2674.091478010578,
                3085.4658959361527,
                3207.5000933430856,
                3712.6206242048984,
                3767.513299379835,
                3935.0329921538414,
                4261.181349449748,
                4434.241515729054,
                4745.5069628574065,
                5029.811568224839,
                5067.369857925508,
                5274.391971083639,
                5499.893745630418,
                5941.064151047142,
                6084.317689607434,
                6636.524121438866,
                7108.39161208774,
                7703.830408026479,
                7982.784999999999,
                8362.706480861636,
                434.9249089712208,
                442.5191843853437,
                878.6802311323166,
                1222.9859399523243,
                1513.0074081208568,
                1657.701679727477,
                1948.5166889310954,
                2100.693961472179
            ],