{
    "engcal": [
        0.048998949598372254,
        0.18268306688452257,
        1.5307724833414727e-08
    ],
    "effcal": [
        0.0013488203450095597,
        8.531739146663693,
        1.7679062775431504,
        1.0745378838886885,
        1.7066157181410881
    ],
    "unc_effcal": [
        [
            4.0545591527566904e-08,
            5.997860343218277e-05,
            2.496448836151335e-06,
            2.4661782068398638e-05,
            -0.00011692824310294746
        ],
        [
            5.997860343218277e-05,
            79.17843403734943,
            2.6840712196286707,
            0.7672284520493404,
            -0.7718584088454231
        ],
        [
            2.4964488361513356e-06,
            2.684071219628671,
            0.09301048842496834,
            0.02818650631402151,
            -0.029634885630339444
        ],
        [
            2.4661782068398635e-05,
            0.7672284520493404,
            0.028186506314021503,
            0.024826380853400425,
            -0.08165045804356608
        ],
        [
            -0.00011692824310294743,
            -0.7718584088454232,
            -0.029634885630339444,
            -0.08165045804356608,
            0.35124515168598197
        ]
    ],
    "rescal": [
        2.581952792597009,
        0.00037829907362279364
    ],
    "_calib_data": {
        "engcal": {
            "channel": [
                3619.761488105942,
                665.8737610613767,
                1339.426302813375,
                1617.777523935611,
                1884.2083357390839,
                2012.7311501319666,
                2249.7262036822344,
                2429.319195615911,
                2673.423632995915,
                3085.0336969942628,
                3205.715143145261,
                3712.992106871256,
                3767.5499549283695,
                4261.194468794602,
                4433.762257392543,
                4745.151423889444,
                5029.801113187691,
                5274.339700478547,
                5499.920322616073,
                5940.747468126917,
                5962.590606072789,
                6084.292286886057,
                6636.665195419401,
                7108.316001825217,
                7703.775657356956,
                7982.784999999999,
                8360.132221570248,
                434.83893390628657,
                442.48771038382233,
                878.6628625676102,
                1221.7289372407959,
                1513.0429348163163,
                1657.6028279710351,
                1948.4230142017782,
                2100.656178680386
            ],
            "energy": [
                661.657,
                121.7817,
                244.6974,
                295.9387,
                344.2785,
                367.7891,
                411.1165,
                443.9606,
                488.6792,
                563.986,
                586.2648,
                678.623,
                688.67,
                778.9045,
                810.451,
                867.38,
                919.337,
                964.057,
                1005.27,
                1085.837,
                1089.737,
                1112.076,
                1212.948,
                1299.142,
                1408.013,
                1457.643,
                1528.1,
                79.6142,
                80.9979,
                160.612,
                223.2368,
                276.3989,
                302.8508,
                356.0129,
                383.8485
            ],
            "unc_channel": [
                0.013009286299807665,
                0.006506347551454041,
                0.00888720118447889,
                0.04806510739747939,
                0.005043922167201222,
                0.04576626734842527,
                0.021853105705067485,
                0.023176155371858364,
                0.09295798556536623,
                0.15614572478482192,
                0.4256065851649156,
                0.15383760917362113,
                0.08342212149679462,
                0.012366775272836745,
                0.1901334163347474,
                0.025565641238720533,
                0.17013519093625518,
                0.026221646161026672,
                0.12746463626138815,
                0.02009508447766945,
                0.0625002010200933,
                0.02304769200766829,
                0.07863690412397376,
                0.07034046633476186,
                0.0361633482593035,
                0.7136278669795415,
                0.28545665521631464,
                0.2481895518109527,
                0.025887802267260396,
                0.09804800910673528,
                0.0963496858177465,
                0.014568719388403942,
                0.009861596270130682,
                0.011187614910579569,
                0.014099305290599308
            ],
            "fit": [
                0.048998949598372254,
                0.18268306688452257,
                1.5307724833414727e-08
            ],
            "unc": [
                [
                    0.002048678366996951,
                    -1.4892179383937917e-06,
                    1.9802047203827928e-10
                ],
                [
                    -1.4892179383937917e-06,
                    1.2449290314413878e-09,
                    -1.7683482011168615e-13
                ],
                [
                    1.9802047203827928e-10,
                    -1.7683482011168615e-13,
                    2.7352340277292864e-17
                ]
            ]
        },
        "rescal": {
            "channel": [
                3619.761488105942,
                665.8737610613767,
                1339.426302813375,
                1884.2083357390839,
                2012.7311501319666,
                2249.7262036822344,
                2429.319195615911,
                2673.423632995915,
                3085.0336969942628,
                3205.715143145261,
                3712.992106871256,
                3767.5499549283695,
                4261.194468794602,
                4433.762257392543,
                4745.151423889444,
                5029.801113187691,
                5274.339700478547,
                5499.920322616073,
                5940.747468126917,
                5962.590606072789,
                6084.292286886057,
                6636.665195419401,
                7108.316001825217,
                7703.775657356956,
                7982.784999999999,
                8360.132221570248,
                434.83893390628657,
                442.48771038382233,
                878.6628625676102,
                1221.7289372407959,
                1513.0429348163163,
                1657.6028279710351,
                1948.4230142017782,
                2100.656178680386
            ],