{
    "engcal": [
        0.08668798102926845,
        0.18264638837652172,
        1.9489730657380713e-08
    ],
    "effcal": [
        0.009024038540328103,
        81.29359688381871,
        1.8821385268288768,
        1.0769286599556471,
        1.6097343752545448
    ],
    "unc_effcal": [
        [
            8.130924380818395e-07,
            -3314.2504661500457,
            -1.5309371039032294e-06,
            6.573069659991855e-05,
            -0.0003309942685417316
        ],
        [
            -3314.2504661500457,
            6660610838659726.0,
            1016362.5311330745,
            260291.9992213928,
            943187.995358405
        ],
        [
            -1.5309371039032294e-06,
            1016362.5311330748,
            0.001046393121276296,
            0.000699115198884384,
            -0.00022148134143903277
        ],
        [
            6.573069659991853e-05,
            260291.99922139282,
            0.000699115198884384,
            0.006449492028800097,
            -0.028547718511125825
        ],
        [
            -0.0003309942685417316,
            943187.9953584052,
            -0.00022148134143903277,
            -0.028547718511125825,
            0.1381636195004238
        ]
    ],
    "rescal": [
        2.5641373116050215,
        0.00038181726261454026
    ],
    "_calib_data": {
        "engcal": {
            "channel": [
                3619.7334777197702,
                665.8919582034835,
                1339.438017245759,
                1619.31760862251,
                1884.2372655899337,
                2012.6513663488681,
                2249.8489792033956,
                2429.3100770403366,
                2673.801751180113,
                3086.430344880943,
                3207.251813490589,
                3712.4401976407903,
                3767.364282466547,
                3935.1281663464324,
                4261.159084449596,
                4433.996039161134,
                4745.135344349069,
                5030.127194514552,
                5067.175613501637,
                5274.425292607225,
                5498.983194597431,
                5940.830237823274,
                5962.4860500262075,
                6084.374501269713,
                6636.458677021995,
                6837.497049054231,
                7108.224231102708,
                7703.774079350188,
                7982.784999999999,
                8364.092533150457,
                434.8888687173211,
                442.5273924849613,
                878.6996350306566,
                1221.690129877222,
                1513.0522844258192,
                1657.723204060273,
                1948.5075379175053,
                2100.691217371676
            ],
            "energy": [
                661.657,
                121.7817,
                244.6974,
                295.9387,
                344.2785,
                367.7891,
                411.1165,
                443.9606,
                488.6792,
                563.986,
                586.2648,
                678.623,
                688.67,
                719.346,
                778.9045,
                810.451,
                867.38,
                919.337,
                926.31,
                964.057,
                1005.27,
                1085.837,
                1089.737,
                1112.076,
                1212.948,
                1249.94,
                1299.142,
                1408.013,
                1457.643,
                1528.1,
                79.6142,
                80.9979,
                160.612,
                223.2368,
                276.3989,
                302.8508,
                356.0129,
                383.8485
            ],
            "unc_channel": [
                0.013363571242014349,
                0.004250491225945174,
                0.00681414233194785,
                0.04918802236109159,
                0.004309091621356818,
                0.030406209454259453,
                0.017707444031219658,
                0.01545067581343335,
                0.07475650884744511,
                0.13884444179222705,
                0.11886796697774969,
                0.150147669375601,
                0.05960180123075507,
                0.14828735176959446,
                0.011977437537526581,
                0.17490118891459758,
                0.02572777794661458,
                0.1350310425845569,
                0.1965491639498603,
                0.01496548853523444,
                0.07607847898500487,
                0.023578974309344327,
                0.06526490819739009,
                0.02348102802468278,
                0.04919365755560635,
                0.31922979512815236,
                0.061419719017525555,
                0.025595021745313026,
                0.3261462282243217,
                0.1430837859606015,
                0.243461726874057,
                0.02284407834714286,
                0.043183045802426816,
                0.06534692958292047,
                0.010616190542825496,
                0.006691802804437601,
                0.005678073417202705,
                0.013714295036143765
            ],
            "fit": [
                0.08668798102926845,
                0.18264638837652172,
                1.9489730657380713e-08
            ],
            "unc": [
                [
                    0.00160576218911858,
                    -1.2067125773280809e-06,
                    1.594839222594752e-10
                ],
                [
                    -1.2067125773280809e-06,
                    1.0513213119737155e-09,
                    -1.492387431371243e-13
                ],
                [
                    1.594839222594752e-10,
                    -1.492387431371243e-13,
                    2.357411082392065e-17
                ]
            ]
        },
        "rescal": {
            "channel": [
                3619.7334777197702,
                1339.438017245759,
                1619.31760862251,
                1884.2372655899337,
                2012.6513663488681,
                2249.8489792033956,
                2429.3100770403366,
                2673.801751180113,
                3086.430344880943,
                3207.251813490589,
                3712.4401976407903,
                3767.364282466547,
                3935.1281663464324,
                4261.159084449596,
                4433.996039161134,
                4745.135344349069,
                5030.127194514552,
                5067.175613501637,
                5274.425292607225,
                5498.983194597431,
                5940.830237823274,
                5962.4860500262075,
                6084.374501269713,
                6636.458677021995,
                6837.497049054231,
                7108.224231102708,
                7703.774079350188,
                7982.784999999999,
                8364.092533150457,
                434.8888687173211,
                442.5273924849613,
                878.6996350306566,
                1221.690129877222,
                1513.0522844258192,
                1657.723204060273,
                1948.5075379175053,
                2100.691217371676
            ],