{
    "engcal": [
        0.07197804286378487,
        0.19432587417559732,
        1.3411394039134739e-08
    ],
    "effcal": [
        0.003244794318410961,
        76.53420001636532,
        1.8489942157220765,
        1.949897470582728,
        0.6118152794826467
    ],
    "unc_effcal": [
        [
            1.805589723994486e-08,
            1683.2561737512838,
            1.1606090836295754e-05,
            2.2005351050867436e-05,
            -1.1258586199079291e-05
        ],
        [
            1683.2561737512835,
            1529233287349827.2,
            2363598.315638396,
            3073006.308608001,
            -1335208.3885905554
        ],
        [
            1.1606090836295754e-05,
            2363598.3156383964,
            0.012894005795559308,
            0.020226331340158266,
            -0.00894972524458302
        ],
        [
            2.2005351050867436e-05,
            3073006.308608001,
            0.020226331340158266,
            0.03524149557462299,
            -0.016250244747803733
        ],
        [
            -1.1258586199079291e-05,
            -1335208.3885905554,
            -0.00894972524458302,
            -0.016250244747803733,
            0.007809995661500896
        ]
    ],
    "rescal": [
        1.8210351615617213,
        0.0004160428966558462
    ],
    "_calib_data": {
        "engcal": {
            "channel": [
                3403.3126657707817,
                626.1893586198831,
                1258.7420151770636,
                1522.1885048269082,
                1771.0695203720932,
                1891.8571065508318,
                2114.8290818786472,
                2283.792122295608,
                2513.854434611065,
                2901.3313799781404,
                3015.7673873398926,
                3490.882808694891,
                3542.3741207486123,
                3700.426598246479,
                4006.657327089305,
                4168.650340644139,
                4461.570722330003,
                4729.524930908767,
                4763.678322777608,
                4958.864731877609,
                5170.365838918067,
                5585.211130075592,
                5605.310358257045,
                5720.080200363466,
                6238.965598240556,
                6682.18956519243,
                7242.1401261538695,
                7500.495799999999,
                7859.231308376181,
                409.3426939845339,
                416.27129844015803,
                826.1198761689675,
                1148.896576795795,
                1422.0012088736303,
                1558.1216082703302,
                1831.6171453993454,
                1974.8057641718485
            ],
            "energy": [
                661.657,
                121.7817,
                244.6974,
                295.9387,
                344.2785,
                367.7891,
                411.1165,
                443.9606,
                488.6792,
                563.986,
                586.2648,
                678.623,
                688.67,
                719.346,
                778.9045,
                810.451,
                867.38,
                919.337,
                926.31,
                964.057,
                1005.27,
                1085.837,
                1089.737,
                1112.076,
                1212.948,
                1299.142,
                1408.013,
                1457.643,
                1528.1,
                79.6142,
                80.9979,
                160.612,
                223.2368,
                276.3989,
                302.8508,
                356.0129,
                383.8485
            ],
            "unc_channel": [
                0.01003838619252929,
                0.0038681825302486353,
                0.004879483847620595,
                0.04788757864902764,
                0.004509755128393167,
                0.0309951118003067,
                0.014968321489188488,
                0.012509875373949339,
                0.07473240701606848,
                0.08444068110446828,
                0.10799751271653522,
                0.1027446195695469,
                0.04278076377324775,
                0.15140180898735742,
                0.010122275656672142,
                0.08183480804037156,
                0.02194451968713759,
                0.10091866302114258,
                0.1158282875172611,
                0.010251911886236394,
                0.08390182928135058,
                0.01802510589044217,
                0.054346406926042555,
                0.019387446111729847,
                0.05409579575223161,
                0.05765882979983817,
                0.020694556896907138,
                0.35979516722398447,
                0.1482469928435308,
                0.18935965563956442,
                0.01895197123498928,
                0.042039932431027834,
                0.0649852759893198,
                0.009315115357247333,
                0.006421640830124233,
                0.005411984515750027,
                0.01584381039090848
            ],
            "fit": [
                0.07197804286378487,
                0.19432587417559732,
                1.3411394039134739e-08
            ],
            "unc": [
                [
                    0.00022428609058600728,
                    -1.7973049388899903e-07,
                    2.5417812951544818e-11
                ],
                [
                    -1.7973049388899903e-07,
                    1.6869522700241383e-10,
                    -2.5540284836447333e-14
                ],
                [
                    2.5417812951544818e-11,
                    -2.5540284836447333e-14,
                    4.2292612367705965e-18
                ]
            ]
        },
        "rescal": {
            "channel": [
                3403.3126657707817,
                626.1893586198831,
                1258.7420151770636,
                1522.1885048269082,
                1771.0695203720932,
                1891.8571065508318,
                2114.8290818786472,
                2283.792122295608,
                2513.854434611065,
                2901.3313799781404,
                3015.7673873398926,
                3490.882808694891,
                3542.3741207486123,
                3700.426598246479,
                4006.657327089305,
                4168.650340644139,
                4461.570722330003,
                4729.524930908767,
                4763.678322777608,
                4958.864731877609,
                5170.365838918067,
                5585.211130075592,
                5605.310358257045,
                5720.080200363466,
                6238.965598240556,
                6682.18956519243,
                7242.1401261538695,
                7500.495799999999,
                7859.231308376181,
                409.3426939845339,
                416.27129844015803,
                826.1198761689675,
                1148.896576795795,
                1422.0012088736303,
                1558.1216082703302,
                1831.6171453993454,
                1974.8057641718485
            ],