{
    "engcal": [
        -0.14281512754120954,
        0.026735942232080166,
        2.374751928318971e-09
    ],
    "effcal": [
        0.0012752904984098304,
        0.05574383285675308,
        5.999999999999999,
        1.3787124428584723,
        5.780100832989283
    ],
    "unc_effcal": [
        [
            0.0005736900354068123,
            -0.03402168616810385,
            -0.04555025104667096,
            -0.0014748999233814156,
            0.9417625844765958
        ],
        [
            -0.03402168616810385,
            2.0184951715783277,
            2.711827538979288,
            0.08880489532962378,
            -55.96777349468677
        ],
        [
            -0.045550251046670966,
            2.711827538979288,
            6.0912357500421725,
            0.2438899438974983,
            -76.3830372650886
        ],
        [
            -0.0014748999233814156,
            0.08880489532962378,
            0.2438899438974983,
            0.013739134149067229,
            -2.6357153177637294
        ],
        [
            0.9417625844765959,
            -55.96777349468677,
            -76.3830372650886,
            -2.63571531776373,
            1562.1136235419274
        ]
    ],
    "rescal": [
        3.0474476348022974,
        0.0005895773381907754
    ],
    "_calib_data": {
        "engcal": {
            "channel": [
                3296.041090804847,
                2981.5425719561013,
                3034.49825691207,
                6008.24798736677,
                8346.257077598271,
                10332.794800000001,
                11322.200800000002,
                13309.008000000002,
                14350.382800000001,
                4571.177106027913,
                5109.690778265247
            ],
            "energy": [
                88.0336,
                79.6142,
                80.9979,
                160.612,
                223.2368,
                276.3989,
                302.8508,
                356.0129,
                383.8485,
                122.06065,
                136.47356
            ],
            "unc_channel": [
                0.2102573345838238,
                0.14303066280832583,
                0.21083655898628126,
                0.20160763196801224,
                0.35439380040906365,
                0.21762665401867357,
                0.2990286613055616,
                0.756954911846795,
                1.2089378122662022,
                0.20990161599906182,
                0.19305239414373024
            ],
            "fit": [
                -0.14281512754120954,
                0.026735942232080166,
                2.374751928318971e-09
            ],
            "unc": [
                [
                    0.006834961234126768,
                    -2.3023053959682766e-06,
                    1.5490767684036154e-10
                ],
                [
                    -2.3023053959682766e-06,
                    8.197966107873117e-10,
                    -5.679123403519248e-14
                ],
                [
                    1.5490767684036154e-10,
                    -5.679123403519248e-14,
                    4.0606428526571776e-18
                ]
            ]
        },
        "rescal": {
            "channel": [
                3296.041090804847,
                2981.5425719561013,
                3034.49825691207,
                6008.24798736677,
                8346.257077598271,
                10332.794800000001,
                11322.200800000002,
                13309.008000000002,
                14350.382800000001,
                4571.177106027913,
                5109.690778265247
            ],
            "width": [
                4.977599999999999,
                4.7886,
                4.819799999999999,
                6.6066,
                8.012399999999998,
                9.205199999999998,
                9.79919999999982,
                10.99152858688819,
                9.835165391870907,
                5.7414,
                6.0648
            ],
            "unc_width": [
                0.6754682700556912,
                0.4544810630248021,
                0.6631887638794681,
                0.6391045707883108,
                1.1550524846586983,
                0.6448262189227165,
                0.80920036342093,
                1.6210050290188422,
                2.5903210350486243,
                0.6558981906395472,
                0.602151829234878
            ],
            "fit": [
                3.0474476348022974,
                0.0005895773381907754
            ],
            "unc": [
                [
                    0.009743356264336757,
                    -1.3385347764637301e-06
                ],
                [
                    -1.3385347764637301e-06,
                    2.38804434998192e-10
                ]
            ]
        },
        "effcal": {
            "energy": [
                88.0336,
                79.6142,
                80.9979,
                160.612,
                223.2368,
                276.3989,
                302.8508,
                356.0129,
                122.06065,
                136.47356
            ],
            "efficiency": [
                0.0005996962377632718,
                0.000424082707634807,
                0.0005979340296832757,
                0.00024472565034115175,
                0.0001653777065450867,
                9.542060590535098e-05,
                6.71692353533247e-05,
                2.5878097275796734e-05,
                0.0003512512726605473,
                0.00030602871267565
            ],
            "unc_efficiency": [
                6.93346743425979e-05,
                3.547991641164274e-05,
                7.152496537587474e-05,
                2.0412041869798722e-05,
                2.0105946467974027e-05,
                6.195096697007899e-06,
                5.5119178424161505e-06,
                4.810388295981402e-06,
                3.502057740134394e-05,
                2.6685614627325295e-05
            ],
            "fit": [
                0.0012752904984098304,
                0.05574383285675308,
                5.999999999999999,
                1.3787124428584723,
                5.780100832989283
            ],
            "unc": [
                [
                    0.0005736900354068123,
                    -0.03402168616810385,
                    -0.04555025104667096,
                    -0.0014748999233814156,
                    0.9417625844765958
                ],
                [
                    -0.03402168616810385,
                    2.0184951715783277,
                    2.711827538979288,
                    0.08880489532962378,
                    -55.96777349468677
                ],
                [
                    -0.045550251046670966,
                    2.711827538979288,
                    6.0912357500421725,
                    0.2438899438974983,
                    -76.3830372650886
                ],
                [
                    -0.0014748999233814156,
                    0.08880489532962378,
                    0.2438899438974983,
                    0.013739134149067229,
                    -2.6357153177637294
                ],
                [
                    0.9417625844765959,
                    -55.96777349468677,
                    -76.3830372650886,
                    -2.63571531776373,
                    1562.1136235419274
                ]
            ]
        }
    }
}