{
    "engcal": [
        -0.1586920052119202,
        0.026728446417571484,
        3.199479976092879e-09
    ],
    "effcal": [
        0.00022588941048292817,
        0.11558867789902313,
        5.999999999999999,
        1.4115554343961538,
        4.5553433400113805
    ],
    "unc_effcal": [
        [
            1.2907230917937954e-06,
            -0.0012447010723100865,
            -0.0018129902991742036,
            -8.137868420262842e-05,
            0.02381788543329538
        ],
        [
            -0.0012447010723100867,
            1.204174559205051,
            1.7711200214570484,
            0.08095039549637903,
            -23.155541125720863
        ],
        [
            -0.0018129902991742036,
            1.7711200214570484,
            4.056101908496062,
            0.18677086462856624,
            -34.69046418463228
        ],
        [
            -8.137868420262842e-05,
            0.08095039549637903,
            0.18677086462856624,
            0.010782967393469197,
            -1.6421373357369355
        ],
        [
            0.02381788543329538,
            -23.155541125720863,
            -34.69046418463228,
            -1.6421373357369355,
            448.8128738288222
        ]
    ],
    "rescal": [
        2.9953511227817855,
        0.0006009189413750409
    ],
    "_calib_data": {
        "engcal": {
            "channel": [
                2982.3471745064976,
                3035.006720717212,
                6010.752031690024,
                8345.987600000002,
                10332.794800000001,
                11322.200800000002,
                13309.008000000002,
                14350.382800000001,
                4571.870014324304,
                5110.471402207562
            ],
            "energy": [
                79.6142,
                80.9979,
                160.612,
                223.2368,
                276.3989,
                302.8508,
                356.0129,
                383.8485,
                122.06065,
                136.47356
            ],
            "unc_channel": [
                0.1436590477788189,
                0.20742133397225182,
                0.22257459871140292,
                0.3270507851911497,
                0.17677029684757065,
                0.27768590661255826,
                0.6358924191880213,
                1.1100963484624498,
                0.19078875366675446,
                0.1718539698881332
            ],
            "fit": [
                -0.1586920052119202,
                0.026728446417571484,
                3.199479976092879e-09
            ],
            "unc": [
                [
                    0.009222294604054573,
                    -3.0045621612406262e-06,
                    1.9884290581984812e-10
                ],
                [
                    -3.0045621612406262e-06,
                    1.0387200192736113e-09,
                    -7.084169513769348e-14
                ],
                [
                    1.9884290581984812e-10,
                    -7.084169513769348e-14,
                    4.971067813576337e-18
                ]
            ]
        },
        "rescal": {
            "channel": [
                2982.3471745064976,
                3035.006720717212,
                6010.752031690024,
                8345.987600000002,
                10332.794800000001,
                11322.200800000002,
                13309.008000000002,
                14350.382800000001,
                4571.870014324304,
                5110.471402207562
            ],
            "width": [
                4.7886,
                4.819799999999999,
                6.6066,
                8.012399999999998,
                9.205199999999998,
                9.799199999999997,
                10.991999999999981,
                11.617199999999999,
                5.7414,
                6.0648
            ],
            "unc_width": [
                0.4601625980648426,
                0.6544653750023882,
                0.7207811823066314,
                1.0562468154107358,
                0.5331868759747134,
                0.7845923547163531,
                1.4771037282999968,
                2.972857769737009,
                0.590188567300906,
                0.5412093417319312
            ],
            "fit": [
                2.9953511227817855,
                0.0006009189413750409
            ],
            "unc": [
                [
                    6.831532636925947e-07,
                    -8.813055568562941e-11
                ],
                [
                    -8.813055568562941e-11,
                    1.4468565419832705e-14
                ]
            ]
        },
        "effcal": {
            "energy": [
                79.6142,
                80.9979,
                160.612,
                223.2368,
                276.3989,
                302.8508,
                356.0129,
                383.8485,
                122.06065,
                136.47356
            ],
            "efficiency": [
                0.0001276118378321055,
                0.00017048681618127317,
                7.339299325201577e-05,
                4.9773961865956844e-05,
                2.869234611423391e-05,
                2.065292467178491e-05,
                8.798062663270156e-06,
                4.673582666170563e-06,
                0.00010551675083967503,
                8.496290191869034e-05
            ],
            "unc_efficiency": [
                1.0736314981659426e-05,
                2.0080246953024532e-05,
                6.796319187289984e-06,
                5.568306225125483e-06,
                1.5209050749796829e-06,
                1.588699684697369e-06,
                1.4150693952659176e-06,
                1.198445627729195e-06,
                9.5532003487103e-06,
                6.595325349458363e-06
            ],
            "fit": [
                0.00022588941048292817,
                0.11558867789902313,
                5.999999999999999,
                1.4115554343961538,
                4.5553433400113805
            ],
            "unc": [
                [
                    1.2907230917937954e-06,
                    -0.0012447010723100865,
                    -0.0018129902991742036,
                    -8.137868420262842e-05,
                    0.02381788543329538
                ],
                [
                    -0.0012447010723100867,
                    1.204174559205051,
                    1.7711200214570484,
                    0.08095039549637903,
                    -23.155541125720863
                ],
                [
                    -0.0018129902991742036,
                    1.7711200214570484,
                    4.056101908496062,
                    0.18677086462856624,
                    -34.69046418463228
                ],
                [
                    -8.137868420262842e-05,
                    0.08095039549637903,
                    0.18677086462856624,
                    0.010782967393469197,
                    -1.6421373357369355
                ],
                [
                    0.02381788543329538,
                    -23.155541125720863,
                    -34.69046418463228,
                    -1.6421373357369355,
                    448.8128738288222
                ]
            ]
        }
    }
}