{
    "engcal": [
        -0.18746079247919722,
        0.02673786225681408,
        2.4122592134976092e-09
    ],
    "effcal": [
        0.002089606900953107,
        0.21775727703607087,
        5.999999999999999,
        1.439505947635018,
        2.5274122717963454
    ],
    "unc_effcal": [
        [
            7.395013316901989e-06,
            -0.002124708635247904,
            -0.0037539816654365336,
            -0.00020159734840704592,
            0.01719883137323983
        ],
        [
            -0.002124708635247904,
            0.6293687160968989,
            1.1612391167123792,
            0.06577897644194623,
            -5.222900698105378
        ],
        [
            -0.0037539816654365336,
            1.1612391167123792,
            3.8652290103689197,
            0.20787528779000916,
            -10.081754724940808
        ],
        [
            -0.00020159734840704592,
            0.06577897644194623,
            0.20787528779000916,
            0.01426896774177453,
            -0.603668584832774
        ],
        [
            0.017198831373239826,
            -5.222900698105377,
            -10.081754724940808,
            -0.603668584832774,
            44.29667047944639
        ]
    ],
    "rescal": [
        3.103770328517539,
        0.0005790175610823848
    ],
    "_calib_data": {
        "engcal": {
            "channel": [
                3300.335169441831,
                2982.288997973825,
                3035.2430310468517,
                6011.86649852698,
                8350.082031411164,
                10332.794800000001,
                11322.200800000002,
                13309.008000000002,
                14350.382800000003,
                4570.885098264373,
                5109.084000275182
            ],
            "energy": [
                88.0336,
                79.6142,
                80.9979,
                160.612,
                223.2368,
                276.3989,
                302.8508,
                356.0129,
                383.8485,
                122.06065,
                136.47356
            ],
            "unc_channel": [
                0.23439418684482802,
                0.1667514756313511,
                0.21346005073529498,
                0.18962282664929941,
                0.305808759701219,
                0.18966369522270754,
                0.233580624332592,
                0.5187376747644593,
                0.824663437080848,
                0.21083367710717704,
                0.20134661053842937
            ],
            "fit": [
                -0.18746079247919722,
                0.02673786225681408,
                2.4122592134976092e-09
            ],
            "unc": [
                [
                    0.005202618424740561,
                    -1.6591793372858711e-06,
                    1.0721659172796791e-10
                ],
                [
                    -1.6591793372858711e-06,
                    5.643452266459574e-10,
                    -3.7653397598708095e-14
                ],
                [
                    1.0721659172796791e-10,
                    -3.7653397598708095e-14,
                    2.587537459471666e-18
                ]
            ]
        },
        "rescal": {
            "channel": [
                3300.335169441831,
                2982.288997973825,
                3035.2430310468517,
                6011.86649852698,
                8350.082031411164,
                10332.794800000001,
                11322.200800000002,
                13309.008000000002,
                14350.382800000003,
                4570.885098264373,
                5109.084000275182
            ],
            "width": [
                4.977599999999999,
                4.7886,
                4.819799999999999,
                6.6066,
                8.012399999999998,
                9.205199999999998,
                9.799199999999997,
                10.991999999994977,
                9.488428016499483,
                5.7414,
                6.0648
            ],
            "unc_width": [
                0.7302108721592523,
                0.5300606487977083,
                0.6728075592593183,
                0.6103546598032943,
                0.9652382449465743,
                0.5562535571954845,
                0.6510119182377557,
                1.173222587208502,
                1.7091398704274752,
                0.656914275492355,
                0.618125527876093
            ],
            "fit": [
                3.103770328517539,
                0.0005790175610823848
            ],
            "unc": [
                [
                    0.030940867271129636,
                    -3.772753944993479e-06
                ],
                [
                    -3.772753944993479e-06,
                    5.891377188111156e-10
                ]
            ]
        },
        "effcal": {
            "energy": [
                88.0336,
                79.6142,
                80.9979,
                160.612,
                223.2368,
                276.3989,
                302.8508,
                356.0129,
                122.06065,
                136.47356
            ],
            "efficiency": [
                0.001617821211833139,
                0.0013880005687522835,
                0.0018242456843127145,
                0.0007857407841779672,
                0.0005072907322495653,
                0.0003040275177183017,
                0.00023762186117859548,
                0.00011076264723293426,
                0.0010769799486035699,
                0.0009015504797578826
            ],
            "unc_efficiency": [
                0.00020635091308636284,
                0.00013438646855230078,
                0.0002209628062577611,
                6.211541811144305e-05,
                5.282992224660506e-05,
                1.715655566721619e-05,
                1.545187582165455e-05,
                1.4866444654650112e-05,
                0.00010788419772547927,
                8.15497175513066e-05
            ],
            "fit": [
                0.002089606900953107,
                0.21775727703607087,
                5.999999999999999,
                1.439505947635018,
                2.5274122717963454
            ],
            "unc": [
                [
                    7.395013316901989e-06,
                    -0.002124708635247904,
                    -0.0037539816654365336,
                    -0.00020159734840704592,
                    0.01719883137323983
                ],
                [
                    -0.002124708635247904,
                    0.6293687160968989,
                    1.1612391167123792,
                    0.06577897644194623,
                    -5.222900698105378
                ],
                [
                    -0.0037539816654365336,
                    1.1612391167123792,
                    3.8652290103689197,
                    0.20787528779000916,
                    -10.081754724940808
                ],
                [
                    -0.00020159734840704592,
                    0.06577897644194623,
                    0.20787528779000916,
                    0.01426896774177453,
                    -0.603668584832774
                ],
                [
                    0.017198831373239826,
                    -5.222900698105377,
                    -10.081754724940808,
                    -0.603668584832774,
                    44.29667047944639
                ]
            ]
        }
    }
}