{
    "engcal": [
        -0.02368288304227628,
        0.026698105259345142,
        4.989167748489129e-09
    ],
    "effcal": [
        0.0010503763253255913,
        0.20178387686214969,
        5.999999999999999,
        1.2424022478182188,
        3.3866126808628323
    ],
    "unc_effcal": [
        [
            1.6618471434862439e-06,
            -0.0009437942571286461,
            -0.0017995549808793585,
            -2.851866553924382e-05,
            0.011060501160332626
        ],
        [
            -0.000943794257128646,
            0.5493338741092655,
            1.0719097069761505,
            0.01916446553094207,
            -6.552024679555542
        ],
        [
            -0.0017995549808793585,
            1.0719097069761505,
            5.029591480507747,
            0.15976899832741384,
            -13.037278753700368
        ],
        [
            -2.8518665539243813e-05,
            0.01916446553094207,
            0.15976899832741384,
            0.007852790572243955,
            -0.25839779767841353
        ],
        [
            0.011060501160332626,
            -6.552024679555542,
            -13.037278753700368,
            -0.25839779767841353,
            79.18793758618409
        ]
    ],
    "rescal": [
        2.9972851827996436,
        0.0006006760641544026
    ],
    "_calib_data": {
        "engcal": {
            "channel": [
                3295.7652186361925,
                2979.669592500822,
                3032.7376927577743,
                6006.539204225314,
                8345.987600000002,
                10332.794800000001,
                11322.200800000002,
                13309.008000000002,
                14350.382800000001,
                4572.18616086687,
                5111.102828148781
            ],
            "energy": [
                88.0336,
                79.6142,
                80.9979,
                160.612,
                223.2368,
                276.3989,
                302.8508,
                356.0129,
                383.8485,
                122.06065,
                136.47356
            ],
            "unc_channel": [
                0.2219452797535435,
                0.16774592245161513,
                0.21388192176497647,
                0.1928463406794157,
                0.3467936250877967,
                0.4706752514054952,
                0.7854271431683746,
                1.4519431028372398,
                1.4129347631985543,
                0.20029617457001703,
                0.1808352034723624
            ],
            "fit": [
                -0.02368288304227628,
                0.026698105259345142,
                4.989167748489129e-09
            ],
            "unc": [
                [
                    0.021615153410427922,
                    -7.340113044525878e-06,
                    5.184988621126068e-10
                ],
                [
                    -7.340113044525878e-06,
                    2.6444354544676486e-09,
                    -1.9558000522147302e-13
                ],
                [
                    5.184988621126068e-10,
                    -1.9558000522147302e-13,
                    1.5418970256819356e-17
                ]
            ]
        },
        "rescal": {
            "channel": [
                3295.7652186361925,
                2979.669592500822,
                3032.7376927577743,
                6006.539204225314,
                8345.987600000002,
                10332.794800000001,
                11322.200800000002,
                4572.18616086687,
                5111.102828148781
            ],
            "width": [
                4.977599999999999,
                4.7886,
                4.819799999999999,
                6.6066,
                8.012399999999998,
                9.205199999999998,
                9.79919999999986,
                5.7414,
                6.0648
            ],
            "unc_width": [
                0.7042105947825505,
                0.5354510875583354,
                0.6739565026222014,
                0.6082177697085284,
                1.1095952417630814,
                1.2604086159859897,
                1.8316690656300272,
                0.6223922718253355,
                0.5504930842056212
            ],
            "fit": [
                2.9972851827996436,
                0.0006006760641544026
            ],
            "unc": [
                [
                    2.959968423651168e-06,
                    -5.33881558237748e-10
                ],
                [
                    -5.33881558237748e-10,
                    1.128767938381576e-13
                ]
            ]
        },
        "effcal": {
            "energy": [
                88.0336,
                79.6142,
                80.9979,
                160.612,
                223.2368,
                276.3989,
                302.8508,
                122.06065,
                136.47356
            ],
            "efficiency": [
                0.0009030496663457233,
                0.0007345282544488194,
                0.0009709362442822473,
                0.00045675997672673643,
                0.000264892585248589,
                0.00010236664848909585,
                5.21553857808662e-05,
                0.0005827606265934443,
                0.0005119854173021259
            ],
            "unc_efficiency": [
                0.00010978375567348341,
                7.162438921021227e-05,
                0.0001178480019228836,
                3.653124061723094e-05,
                3.13958250787163e-05,
                1.3883497721968833e-05,
                1.1049707142669511e-05,
                5.543205588314032e-05,
                4.1690391612547175e-05
            ],
            "fit": [
                0.0010503763253255913,
                0.20178387686214969,
                5.999999999999999,
                1.2424022478182188,
                3.3866126808628323
            ],
            "unc": [
                [
                    1.6618471434862439e-06,
                    -0.0009437942571286461,
                    -0.0017995549808793585,
                    -2.851866553924382e-05,
                    0.011060501160332626
                ],
                [
                    -0.000943794257128646,
                    0.5493338741092655,
                    1.0719097069761505,
                    0.01916446553094207,
                    -6.552024679555542
                ],
                [
                    -0.0017995549808793585,
                    1.0719097069761505,
                    5.029591480507747,
                    0.15976899832741384,
                    -13.037278753700368
                ],
                [
                    -2.8518665539243813e-05,
                    0.01916446553094207,
                    0.15976899832741384,
                    0.007852790572243955,
                    -0.25839779767841353
                ],
                [
                    0.011060501160332626,
                    -6.552024679555542,
                    -13.037278753700368,
                    -0.25839779767841353,
                    79.18793758618409
                ]
            ]
        }
    }
}