{
    "engcal": [
        -0.18627003399392666,
        0.026734120259986876,
        2.7639648052325215e-09
    ],
    "effcal": [
        0.002391928399958069,
        0.31293697245118035,
        5.999999999999991,
        1.4492118253925403,
        1.7083481323122423
    ],
    "unc_effcal": [
        [
            2.037603486237247e-06,
            -0.0010077096627976157,
            -0.001995624171134036,
            -0.00010815722476477373,
            0.0046622917481593295
        ],
        [
            -0.0010077096627976157,
            0.559694890906765,
            1.2244239132586034,
            0.07370979805436874,
            -2.752264438274949
        ],
        [
            -0.0019956241711340363,
            1.2244239132586034,
            4.858939240484057,
            0.27444407820794864,
            -6.421480771692968
        ],
        [
            -0.00010815722476477376,
            0.07370979805436872,
            0.27444407820794864,
            0.01969021576600436,
            -0.4124279229131793
        ],
        [
            0.00466229174815933,
            -2.752264438274949,
            -6.421480771692968,
            -0.4124279229131793,
            13.989931915138044
        ]
    ],
    "rescal": [
        3.1174670945032052,
        0.000576189173350616
    ],
    "_calib_data": {
        "engcal": {
            "channel": [
                3298.8001802216518,
                2982.703953641942,
                3035.371170332164,
                6012.248044396169,
                8347.961465616612,
                10332.794800000001,
                11322.200800000002,
                13309.008000000002,
                14350.382800000001,
                4572.043309868235,
                5110.923071024416
            ],
            "energy": [
                88.0336,
                79.6142,
                80.9979,
                160.612,
                223.2368,
                276.3989,
                302.8508,
                356.0129,
                383.8485,
                122.06065,
                136.47356
            ],
            "unc_channel": [
                0.18953067418228278,
                0.1547702901039277,
                0.20261209472198385,
                0.16989526764112756,
                0.28291326122769717,
                0.16884275422921707,
                0.2096304137819693,
                0.48449228685445944,
                0.7063139632679624,
                0.19827911908019874,
                0.20594478072687467
            ],
            "fit": [
                -0.18627003399392666,
                0.026734120259986876,
                2.7639648052325215e-09
            ],
            "unc": [
                [
                    0.006629563710625171,
                    -2.120699907839884e-06,
                    1.371312912692299e-10
                ],
                [
                    -2.120699907839884e-06,
                    7.244413597162287e-10,
                    -4.836789492809967e-14
                ],
                [
                    1.371312912692299e-10,
                    -4.836789492809967e-14,
                    3.3237804908814257e-18
                ]
            ]
        },
        "rescal": {
            "channel": [
                3298.8001802216518,
                2982.703953641942,
                3035.371170332164,
                6012.248044396169,
                8347.961465616612,
                10332.794800000001,
                11322.200800000002,
                13309.008000000002,
                14350.382800000001,
                4572.043309868235,
                5110.923071024416
            ],
            "width": [
                4.977599999999999,
                4.7886,
                4.819799999999999,
                6.6066,
                8.012399999999998,
                9.205199999999998,
                9.799199999999997,
                10.991999999996866,
                9.146695938721535,
                5.7414,
                6.0648
            ],
            "unc_width": [
                0.591439069302729,
                0.49178015851772033,
                0.6352076624961951,
                0.549470146963787,
                0.9119029041886741,
                0.49999913091698467,
                0.5840679749608342,
                1.0979989766725022,
                1.5725621519249964,
                0.6122402369327404,
                0.6389354104516315
            ],
            "fit": [
                3.1174670945032052,
                0.000576189173350616
            ],
            "unc": [
                [
                    0.04125789222041297,
                    -4.998618338870417e-06
                ],
                [
                    -4.998618338870417e-06,
                    7.774911682300137e-10
                ]
            ]
        },
        "effcal": {
            "energy": [
                88.0336,
                79.6142,
                80.9979,
                160.612,
                223.2368,
                276.3989,
                302.8508,
                356.0129,
                122.06065,
                136.47356
            ],
            "efficiency": [
                0.0019069007786860358,
                0.0017306266474731693,
                0.002182388234710659,
                0.00097306661475935,
                0.0005533218487992158,
                0.00036450982700338304,
                0.0002778803204481627,
                0.000134511075407248,
                0.001296634084316859,
                0.0010756517616744882
            ],
            "unc_efficiency": [
                0.0001972720566004086,
                0.000156233872966184,
                0.0002509422046998475,
                6.924186006966895e-05,
                5.367428836222041e-05,
                1.845043025084804e-05,
                1.6226394603193654e-05,
                1.7117525440894955e-05,
                0.0001219714625997026,
                9.973929070023156e-05
            ],
            "fit": [
                0.002391928399958069,
                0.31293697245118035,
                5.999999999999991,
                1.4492118253925403,
                1.7083481323122423
            ],
            "unc": [
                [
                    2.037603486237247e-06,
                    -0.0010077096627976157,
                    -0.001995624171134036,
                    -0.00010815722476477373,
                    0.0046622917481593295
                ],
                [
                    -0.0010077096627976157,
                    0.559694890906765,
                    1.2244239132586034,
                    0.07370979805436874,
                    -2.752264438274949
                ],
                [
                    -0.0019956241711340363,
                    1.2244239132586034,
                    4.858939240484057,
                    0.27444407820794864,
                    -6.421480771692968
                ],
                [
                    -0.00010815722476477376,
                    0.07370979805436872,
                    0.27444407820794864,
                    0.01969021576600436,
                    -0.4124279229131793
                ],
                [
                    0.00466229174815933,
                    -2.752264438274949,
                    -6.421480771692968,
                    -0.4124279229131793,
                    13.989931915138044
                ]
            ]
        }
    }
}