{
    "engcal": [
        -0.11987040962808243,
        0.02671229815497523,
        4.070667772789966e-09
    ],
    "effcal": [
        6.570090621909164e-05,
        0.16211304658292913,
        5.825712569585189,
        1.4268584650521743,
        5.999999999615208
    ],
    "unc_effcal": [
        [
            7.204461203746443e-08,
            -0.0006029537525847278,
            -0.0005598753756951472,
            -2.349107468964968e-05,
            0.01583644358128761
        ],
        [
            -0.0006029537525847279,
            5.097223168327733,
            4.779261372377268,
            0.2080783022299518,
            -134.62720137372375
        ],
        [
            -0.0005598753756951472,
            4.779261372377268,
            6.28072038005388,
            0.2767851294237362,
            -127.01972853832966
        ],
        [
            -2.349107468964968e-05,
            0.2080783022299518,
            0.2767851294237362,
            0.015229693202396189,
            -5.665482771324629
        ],
        [
            0.01583644358128761,
            -134.62720137372375,
            -127.01972853832966,
            -5.665482771324629,
            3567.1966293191094
        ]
    ],
    "rescal": [
        2.9951830297099695,
        0.0006009032606537253
    ],
    "_calib_data": {
        "engcal": {
            "channel": [
                2981.769041417846,
                3035.8791672733396,
                6014.085220230883,
                10332.979632208382,
                11322.200800000002,
                13309.008000000002,
                14350.382800000001,
                4572.252226346906,
                5110.516235638942
            ],
            "energy": [
                79.6142,
                80.9979,
                160.612,
                276.3989,
                302.8508,
                356.0129,
                383.8485,
                122.06065,
                136.47356
            ],
            "unc_channel": [
                0.15701157348606842,
                0.20325778247199547,
                0.2549427937181511,
                0.18086733562167642,
                0.18325468372831707,
                0.3979112733994215,
                0.814336974733147,
                0.20192856195723213,
                0.1734627453874374
            ],
            "fit": [
                -0.11987040962808243,
                0.02671229815497523,
                4.070667772789966e-09
            ],
            "unc": [
                [
                    0.013641131445517275,
                    -4.353596325018775e-06,
                    2.765532948122201e-10
                ],
                [
                    -4.353596325018775e-06,
                    1.4772136140218192e-09,
                    -9.64547019187523e-14
                ],
                [
                    2.765532948122201e-10,
                    -9.64547019187523e-14,
                    6.442138458934819e-18
                ]
            ]
        },
        "rescal": {
            "channel": [
                2981.769041417846,
                3035.8791672733396,
                6014.085220230883,
                10332.979632208382,
                11322.200800000002,
                13309.008000000002,
                14350.382800000001,
                4572.252226346906,
                5110.516235638942
            ],
            "width": [
                4.7886,
                4.819799999999999,
                6.6066,
                9.205199999999998,
                9.799199999999997,
                10.991999999999996,
                11.617199999999999,
                5.7414,
                6.0648
            ],
            "unc_width": [
                0.49953615272970747,
                0.6385939947790203,
                0.8250519070368307,
                0.5675202342382548,
                0.5367913355912072,
                1.0120564174926676,
                2.1931827468416905,
                0.631548049416772,
                0.55226038989748
            ],
            "fit": [
                2.9951830297099695,
                0.0006009032606537253
            ],
            "unc": [
                [
                    1.003160882463346e-06,
                    -1.1618991400273611e-10
                ],
                [
                    -1.1618991400273611e-10,
                    1.7350881887457353e-14
                ]
            ]
        },
        "effcal": {
            "energy": [
                79.6142,
                80.9979,
                160.612,
                276.3989,
                302.8508,
                356.0129,
                383.8485,
                122.06065,
                136.47356
            ],
            "efficiency": [
                5.2435183914649754e-05,
                7.982592881374606e-05,
                4.5046545012689996e-05,
                1.3991242511534643e-05,
                1.1419009653492978e-05,
                5.985105605088003e-06,
                3.380334235862432e-06,
                4.700323812272199e-05,
                3.856833135446421e-05
            ],
            "unc_efficiency": [
                4.787904439473027e-06,
                9.198668727755866e-06,
                4.77785187553309e-06,
                7.660851589479745e-07,
                5.90478629070439e-07,
                6.529734606539141e-07,
                6.43333816379956e-07,
                4.5010403968482935e-06,
                3.0305978360430886e-06
            ],
            "fit": [
                6.570090621909164e-05,
                0.16211304658292913,
                5.825712569585189,
                1.4268584650521743,
                5.999999999615208
            ],
            "unc": [
                [
                    7.204461203746443e-08,
                    -0.0006029537525847278,
                    -0.0005598753756951472,
                    -2.349107468964968e-05,
                    0.01583644358128761
                ],
                [
                    -0.0006029537525847279,
                    5.097223168327733,
                    4.779261372377268,
                    0.2080783022299518,
                    -134.62720137372375
                ],
                [
                    -0.0005598753756951472,
                    4.779261372377268,
                    6.28072038005388,
                    0.2767851294237362,
                    -127.01972853832966
                ],
                [
                    -2.349107468964968e-05,
                    0.2080783022299518,
                    0.2767851294237362,
                    0.015229693202396189,
                    -5.665482771324629
                ],
                [
                    0.01583644358128761,
                    -134.62720137372375,
                    -127.01972853832966,
                    -5.665482771324629,
                    3567.1966293191094
                ]
            ]
        }
    }
}