{
    "engcal": [
        -0.14984106167306552,
        0.026727826047100157,
        3.2522853776092473e-09
    ],
    "effcal": [
        0.0002690104883070717,
        0.4529982719840015,
        5.999999999999999,
        1.388548811967381,
        1.5045956802094802
    ],
    "unc_effcal": [
        [
            2.846769693932975e-09,
            -2.6329912377583357e-05,
            -3.9793316118131e-05,
            -7.782486209570682e-07,
            7.696277504926928e-05
        ],
        [
            -2.632991237758336e-05,
            0.8668858468729509,
            2.0014168222512376,
            0.09725852209059822,
            -3.272650397632075
        ],
        [
            -3.9793316118131e-05,
            2.0014168222512376,
            7.623023578667299,
            0.3649350485481925,
            -7.888622552430782
        ],
        [
            -7.782486209570676e-07,
            0.09725852209059822,
            0.3649350485481924,
            0.021226305312406542,
            -0.4041372913455053
        ],
        [
            7.696277504926928e-05,
            -3.272650397632074,
            -7.888622552430782,
            -0.4041372913455053,
            12.647486978180362
        ]
    ],
    "rescal": [
        3.0056358284013367,
        0.0005986586077926159
    ],
    "_calib_data": {
        "engcal": {
            "channel": [
                3299.3590110456644,
                2981.7036361809887,
                3034.512526099124,
                6009.566196953082,
                8345.987600000002,
                10332.794800000001,
                11322.200800000002,
                13309.008000000002,
                14350.382800000001,
                4571.99530807897,
                5110.854622039144
            ],
            "energy": [
                88.0336,
                79.6142,
                80.9979,
                160.612,
                223.2368,
                276.3989,
                302.8508,
                356.0129,
                383.8485,
                122.06065,
                136.47356
            ],
            "unc_channel": [
                0.21766498616800423,
                0.14870675427729538,
                0.20901801178836107,
                0.17575990999657767,
                0.30043091315782816,
                0.2296693092348691,
                0.32703138660497666,
                0.7848868837869479,
                1.9087261979068364,
                0.20225125525883755,
                0.2003443649970784
            ],
            "fit": [
                -0.14984106167306552,
                0.026727826047100157,
                3.2522853776092473e-09
            ],
            "unc": [
                [
                    0.00935782057481249,
                    -3.1309200523248688e-06,
                    2.1314880604810772e-10
                ],
                [
                    -3.1309200523248688e-06,
                    1.1083650190643637e-09,
                    -7.787747694165317e-14
                ],
                [
                    2.1314880604810772e-10,
                    -7.787747694165317e-14,
                    5.665190632745953e-18
                ]
            ]
        },
        "rescal": {
            "channel": [
                3299.3590110456644,
                2981.7036361809887,
                3034.512526099124,
                6009.566196953082,
                8345.987600000002,
                10332.794800000001,
                11322.200800000002,
                13309.008000000002,
                4571.99530807897,
                5110.854622039144
            ],
            "width": [
                4.977599999999999,
                4.7886,
                4.819799999999999,
                6.6066,
                8.012399999999998,
                9.205199999999998,
                9.799199999999862,
                10.841823866539265,
                5.7414,
                6.0648
            ],
            "unc_width": [
                0.71187136485533,
                0.4779775324353198,
                0.6582488511006273,
                0.573209272600995,
                0.9799998967676289,
                0.6770574167716472,
                0.8949107489737398,
                1.71887903743903,
                0.6335245174224117,
                0.6231754875517261
            ],
            "fit": [
                3.0056358284013367,
                0.0005986586077926159
            ],
            "unc": [
                [
                    0.0001848454320496632,
                    -2.6362293816542576e-08
                ],
                [
                    -2.6362293816542576e-08,
                    4.769034370284694e-12
                ]
            ]
        },
        "effcal": {
            "energy": [
                88.0336,
                79.6142,
                80.9979,
                160.612,
                223.2368,
                276.3989,
                302.8508,
                356.0129,
                122.06065,
                136.47356
            ],
            "efficiency": [
                0.0002799940376274359,
                0.0002110219014341739,
                0.00028992573136921076,
                0.00013220821225793928,
                7.796875736550792e-05,
                4.6071231858689135e-05,
                3.1306399879962843e-05,
                1.1703878221563215e-05,
                0.00017358803794262733,
                0.0001438148244561138
            ],
            "unc_efficiency": [
                3.3682942743466036e-05,
                1.8367750498206396e-05,
                3.439067370195599e-05,
                9.724576777427226e-06,
                8.045139957745781e-06,
                3.1470512488252397e-06,
                2.817500603452366e-06,
                2.287377832384018e-06,
                1.6716492727993423e-05,
                1.2963423363021682e-05
            ],
            "fit": [
                0.0002690104883070717,
                0.4529982719840015,
                5.999999999999999,
                1.388548811967381,
                1.5045956802094802
            ],
            "unc": [
                [
                    2.846769693932975e-09,
                    -2.6329912377583357e-05,
                    -3.9793316118131e-05,
                    -7.782486209570682e-07,
                    7.696277504926928e-05
                ],
                [
                    -2.632991237758336e-05,
                    0.8668858468729509,
                    2.0014168222512376,
                    0.09725852209059822,
                    -3.272650397632075
                ],
                [
                    -3.9793316118131e-05,
                    2.0014168222512376,
                    7.623023578667299,
                    0.3649350485481925,
                    -7.888622552430782
                ],
                [
                    -7.782486209570676e-07,
                    0.09725852209059822,
                    0.3649350485481924,
                    0.021226305312406542,
                    -0.4041372913455053
                ],
                [
                    7.696277504926928e-05,
                    -3.272650397632074,
                    -7.888622552430782,
                    -0.4041372913455053,
                    12.647486978180362
                ]
            ]
        }
    }
}