{
    "engcal": [
        -0.3991855574303951,
        0.40244837051610166,
        9.782121358964424e-08
    ],
    "effcal": [
        0.007886380194473977,
        82.66392207756115,
        1.9874070110981337,
        1.9901345617658095,
        0.49545600847640786
    ],
    "unc_effcal": [
        [
            2.055398155162211e-07,
            31640.600797045936,
            5.9679724112493134e-05,
            0.00010185989780976372,
            -4.411692388376228e-05
        ],
        [
            31640.600797045936,
            6.813358686461417e+16,
            23083249.685505547,
            25297810.491465166,
            -9043571.269159244
        ],
        [
            5.9679724112493134e-05,
            23083249.685505547,
            0.03347201773391675,
            0.04530563511952311,
            -0.016513651784611075
        ],
        [
            0.00010185989780976372,
            25297810.491465166,
            0.04530563511952312,
            0.06979467974382716,
            -0.02674243404834137
        ],
        [
            -4.411692388376228e-05,
            -9043571.269159246,
            -0.016513651784611078,
            -0.02674243404834137,
            0.010759945451477727
        ]
    ],
    "rescal": [
        1.2253202601486919,
        0.0010891989594180916
    ],
    "_calib_data": {
        "engcal": {
            "channel": [
                1644.288718750878,
                303.5281426779487,
                608.9892675175469,
                736.3929716931721,
                819.5188011357276,
                856.295258355745,
                914.6255703032515,
                1022.2749608016364,
                1103.7720424931456,
                1215.0426218405908,
                1251.0068499431172,
                1402.804696835165,
                1456.8672153458465,
                1685.3793509816273,
                1711.23359206709,
                1788.5711958319646,
                1935.3314654844387,
                2013.6120474544166,
                2155.061986412736,
                2284.33985054774,
                2303.2952903445866,
                2394.9501200856002,
                2497.157785478914,
                2697.631102325708,
                2708.6223999999997,
                2762.266111099894,
                3013.040638402877,
                3105.7861205026156,
                3226.5162131533625,
                3496.8693147884237,
                3619.5777937733683,
                3795.543109915126
            ],
            "energy": [
                661.657,
                121.7817,
                244.6974,
                295.9387,
                329.41,
                344.2785,
                367.7891,
                411.1165,
                443.9606,
                488.6792,
                503.467,
                563.986,
                586.2648,
                678.623,
                688.67,
                719.346,
                778.9045,
                810.451,
                867.38,
                919.337,
                926.31,
                964.057,
                1005.27,
                1085.837,
                1089.737,
                1112.076,
                1212.948,
                1249.94,
                1299.142,
                1408.013,
                1457.643,
                1528.1
            ],
            "unc_channel": [
                0.02025607509077132,
                0.003752957116322081,
                0.004362212599633042,
                0.028584551308507983,
                0.09563138528174935,
                0.003915884678919511,
                0.018680438570897344,
                0.018692905268098213,
                0.00904293815703812,
                0.058071804093140465,
                0.13779370325481852,
                0.058816385937959036,
                0.05639485271026647,
                0.10941542126969565,
                0.05662851899272082,
                0.12181525757760409,
                0.014594499970003037,
                0.12375157316403212,
                0.019197724009524283,
                0.10675081710318152,
                0.20249682602466182,
                0.020340188133708335,
                0.05273598282914608,
                0.03595528461482484,
                0.16908727555257688,
                0.026467986110586515,
                0.0531147129085802,
                0.20049446670186527,
                0.06520421488175193,
                0.03767671543871626,
                0.1369860217244414,
                0.09776491999302964
            ],
            "fit": [
                -0.3991855574303951,
                0.40244837051610166,
                9.782121358964424e-08
            ],
            "unc": [
                [
                    0.00038136648588696343,
                    -6.812836228787247e-07,
                    2.082647929894468e-10
                ],
                [
                    -6.812836228787247e-07,
                    1.4333525353241322e-09,
                    -4.735997808920007e-13
                ],
                [
                    2.082647929894468e-10,
                    -4.735997808920007e-13,
                    1.770300046639117e-16
                ]
            ]
        },
        "rescal": {
            "channel": [
                1644.288718750878,
                608.9892675175469,
                736.3929716931721,
                819.5188011357276,
                856.295258355745,
                914.6255703032515,
                1022.2749608016364,
                1103.7720424931456,
                1215.0426218405908,
                1251.0068499431172,
                1456.8672153458465,
                1685.3793509816273,
                1711.23359206709,
                1788.5711958319646,
                1935.3314654844387,
                2013.6120474544166,
                2155.061986412736,
                2284.33985054774,
                2303.2952903445866,
                2394.9501200856002,
                2497.157785478914,
                2708.6223999999997,
                2762.266111099894,
                3013.040638402877,
                3105.7861205026156,
                3226.5162131533625,
                3496.8693147884237,
                3619.5777937733683,
                3795.543109915126
            ],
            "width": [
                2.972278383555078,
                1.8551036141973178,
                1.9231811378204062,
                1.6304716418983216,
                2.132006072813517,
                2.334820080220524,
                2.3336775129868603,
                2.3460880063064535,
                2.5321616023090936,
                1.9238312601991334,
                3.0943224238521405,
                4.010399999999999,
                3.185871566394501,
                3.2459052111136493,
                3.3466406803213014,
                3.202373565069422,
                3.628874788782802,
                3.5016812635219705,
                3.77847166174307,
                3.8789557042585106,
                3.8445340983786775,
                3.0599244423524845,
                4.409561342878252,
                4.554236282139133,
                4.6619427064661805,
                4.831088279080467,
                5.096399999999999,
                5.1701999999999995,
                5.275199999999999
            ],