{
    "engcal": [
        0.028928676596973874,
        0.18268938083867742,
        1.3191229026831829e-08
    ],
    "effcal": [
        0.0026830881347183573,
        4.9569114451440495,
        1.631354951868813,
        1.1505394595336387,
        1.4066622701119855
    ],
    "unc_effcal": [
        [
            9.113579591672645e-08,
            0.005490222457124725,
            0.00038199344644477157,
            -4.955674653632265e-05,
            -0.00014918487670419946
        ],
        [
            0.005490222457124725,
            1721.2250450043296,
            118.50466119521485,
            -26.70021051604635,
            -15.369689306017657
        ],
        [
            0.0003819934464447717,
            118.50466119521485,
            8.160665711793525,
            -1.8344533576097546,
            -1.0654207453420939
        ],
        [
            -4.955674653632265e-05,
            -26.700210516046347,
            -1.8344533576097544,
            0.4353090484000853,
            0.18526214166976224
        ],
        [
            -0.00014918487670419946,
            -15.369689306017657,
            -1.0654207453420939,
            0.18526214166976226,
            0.2797493513226627
        ]
    ],
    "rescal": [
        2.603332426476171,
        0.00037612992940239836
    ],
    "_calib_data": {
        "engcal": {
            "channel": [
                3619.846749122735,
                665.8694574571539,
                1339.4127744140872,
                1618.5036797570992,
                1884.2331210471468,
                2012.6778523848166,
                2249.6831742370264,
                2429.24874242636,
                2673.5279034558052,
                3086.1705153012526,
                3207.5960967917113,
                3712.942738435596,
                3767.5371095369005,
                4261.152698036926,
                4433.467963600854,
                4745.177002643596,
                5030.194701918472,
                5068.218385316007,
                5274.403504682942,
                5499.212282524039,
                5940.914798387222,
                5962.682084626161,
                6084.308059273839,
                6636.27751899172,
                7108.080816850234,
                7703.72878786151,
                7982.784999999999,
                8361.480246950465,
                434.1276187491436,
                442.4321629446072,
                878.9537743947589,
                1221.9788335050591,
                1513.0641782679163,
                1657.6680217094017,
                1948.4327313758092,
                2100.652975612965
            ],
            "energy": [
                661.657,
                121.7817,
                244.6974,
                295.9387,
                344.2785,
                367.7891,
                411.1165,
                443.9606,
                488.6792,
                563.986,
                586.2648,
                678.623,
                688.67,
                778.9045,
                810.451,
                867.38,
                919.337,
                926.31,
                964.057,
                1005.27,
                1085.837,
                1089.737,
                1112.076,
                1212.948,
                1299.142,
                1408.013,
                1457.643,
                1528.1,
                79.6142,
                80.9979,
                160.612,
                223.2368,
                276.3989,
                302.8508,
                356.0129,
                383.8485
            ],
            "unc_channel": [
                0.015238851238937803,
                0.006807182192691666,
                0.007937780756602085,
                0.05833142828579328,
                0.0050960549851594966,
                0.04137044591734091,
                0.020812090960831798,
                0.017203174230765023,
                0.09543250871187642,
                0.10842680815374639,
                0.20491574200839877,
                0.12488687253514527,
                0.09133321367177406,
                0.014525079190222794,
                0.1802836482393671,
                0.031145834660524292,
                0.1589571237042768,
                0.29106088902865956,
                0.0188598080588418,
                0.11316294297337715,
                0.023372376754193326,
                0.0699360198006885,
                0.023216645851215644,
                0.07047555590313613,
                0.0722334080039044,
                0.021876636757996018,
                0.642833100853883,
                0.20473720025676828,
                0.212245561718866,
                0.022245404823958034,
                0.04738588325901266,
                0.08544422114741482,
                0.010857524947243393,
                0.0065581665079433955,
                0.007508115132833848,
                0.011244173055682255
            ],
            "fit": [
                0.028928676596973874,
                0.18268938083867742,
                1.3191229026831829e-08
            ],
            "unc": [
                [
                    0.0020419930675330974,
                    -1.4457318950365505e-06,
                    1.7941526678906923e-10
                ],
                [
                    -1.4457318950365505e-06,
                    1.1458580162197135e-09,
                    -1.502727712240824e-13
                ],
                [
                    1.7941526678906923e-10,
                    -1.502727712240824e-13,
                    2.1478706498955897e-17
                ]
            ]
        },
        "rescal": {
            "channel": [
                3619.846749122735,
                665.8694574571539,
                1339.4127744140872,
                2012.6778523848166,
                2249.6831742370264,
                2429.24874242636,
                2673.5279034558052,
                3086.1705153012526,
                3207.5960967917113,
                3712.942738435596,
                3767.5371095369005,
                4261.152698036926,
                4433.467963600854,
                4745.177002643596,
                5030.194701918472,
                5068.218385316007,
                5274.403504682942,
                5499.212282524039,
                5940.914798387222,
                5962.682084626161,
                6084.308059273839,
                6636.27751899172,
                7108.080816850234,
                7703.72878786151,
                7982.784999999999,
                8361.480246950465,
                434.1276187491436,
                442.4321629446072,
                878.9537743947589,
                1221.9788335050591,
                1513.0641782679163,
                1657.6680217094017,
                1948.4327313758092,
                2100.652975612965
            ],