{
    "engcal": [
        0.2414405847124257,
        0.18240947726026488,
        8.78381926891893e-08
    ],
    "effcal": [
        0.0011823852600207454,
        56.313797185334266,
        2.1070005186923666,
        1.5082724855931684,
        1.0277842116905047
    ],
    "unc_effcal": [
        [
            5.522755137046933e-09,
            6185.517741934966,
            1.7642289864084756e-05,
            1.8791342252825066e-05,
            -2.2282754125092557e-05
        ],
        [
            6185.517741934966,
            3.619370388122402e+16,
            60538262.20814326,
            36200893.94160952,
            -35681007.40927985
        ],
        [
            1.764228986408476e-05,
            60538262.208143264,
            0.12796184098892452,
            0.09905194282153101,
            -0.10132756331075747
        ],
        [
            1.8791342252825066e-05,
            36200893.941609524,
            0.099051942821531,
            0.09640193322097308,
            -0.10292196713202721
        ],
        [
            -2.2282754125092557e-05,
            -35681007.40927985,
            -0.10132756331075747,
            -0.10292196713202721,
            0.11290316847782428
        ]
    ],
    "rescal": [
        2.591744590096143,
        0.0003714067559592368
    ],
    "_calib_data": {
        "engcal": {
            "channel": [
                3619.7059085571614,
                434.586077797736,
                442.4686523040012,
                878.3489736303385,
                1222.015766717679,
                1513.178024818479,
                1657.6426376485472,
                1948.458962162462,
                2100.7278709526668
            ],
            "energy": [
                661.657,
                79.6142,
                80.9979,
                160.612,
                223.2368,
                276.3989,
                302.8508,
                356.0129,
                383.8485
            ],
            "unc_channel": [
                0.011969242444263988,
                0.2249825652216284,
                0.024469697447331688,
                0.0859368556250733,
                0.10666966861961928,
                0.01574719772650454,
                0.009576305980687401,
                0.012760217135739394,
                0.015484565634124583
            ],
            "fit": [
                0.2414405847124257,
                0.18240947726026488,
                8.78381926891893e-08
            ],
            "unc": [
                [
                    0.004844386091178924,
                    -4.2451232478965644e-06,
                    8.128465699709043e-10
                ],
                [
                    -4.2451232478965644e-06,
                    3.953263090365205e-09,
                    -7.882404388290272e-13
                ],
                [
                    8.128465699709043e-10,
                    -7.882404388290272e-13,
                    1.6379814395489842e-16
                ]
            ]
        },
        "rescal": {
            "channel": [
                3619.7059085571614,
                434.586077797736,
                442.4686523040012,
                878.3489736303385,
                1222.015766717679,
                1513.178024818479,
                1657.6426376485472,
                1948.458962162462,
                2100.7278709526668
            ],
            "width": [
                3.939851621382121,
                3.2609999999999997,
                2.7610559535905304,
                2.8115491281995824,
                2.780147016547253,
                3.1940958829718884,
                3.20140030927002,
                3.291498165834577,
                3.386033080061556
            ],
            "unc_width": [
                0.02947404974065472,
                0.5022793360112304,
                0.05559015901224223,
                0.2773415538220696,
                0.3404243294288036,
                0.04494686284249052,
                0.02568583183952896,
                0.03220811611992723,
                0.04206232182720538
            ],
            "fit": [
                2.591744590096143,
                0.0003714067559592368
            ],
            "unc": [
                [
                    0.0006160750871975029,
                    -2.4671000811645336e-07
                ],
                [
                    -2.4671000811645336e-07,
                    1.1664007413875733e-10
                ]
            ]
        },
        "effcal": {
            "energy": [
                661.657,
                79.6142,
                80.9979,
                160.612,
                223.2368,
                276.3989,
                302.8508,
                356.0129,
                383.8485
            ],
            "efficiency": [
                0.0003349217840231957,
                0.0015878380362392066,
                0.0010889214865207038,
                0.001016546661089205,
                0.0008725876739573892,
                0.0007736116589200662,
                0.0006939227036931268,
                0.0005933793753260886,
                0.0005522559520638055
            ],
            "unc_efficiency": [
                3.4157183781658373e-06,
                0.0003060270556279143,
                2.8370679988527763e-05,
                8.550101368280385e-05,
                9.163177362694071e-05,
                1.2265822541375002e-05,
                7.979526676956743e-06,
                3.0515762990234024e-05,
                8.381397211098548e-06
            ],
            "fit": [
                0.0011823852600207454,
                56.313797185334266,
                2.1070005186923666,
                1.5082724855931684,
                1.0277842116905047
            ],
            "unc": [
                [
                    5.522755137046933e-09,
                    6185.517741934966,
                    1.7642289864084756e-05,
                    1.8791342252825066e-05,
                    -2.2282754125092557e-05
                ],
                [
                    6185.517741934966,
                    3.619370388122402e+16,
                    60538262.20814326,
                    36200893.94160952,
                    -35681007.40927985
                ],
                [
                    1.764228986408476e-05,
                    60538262.208143264,
                    0.12796184098892452,
                    0.09905194282153101,
                    -0.10132756331075747
                ],
                [
                    1.8791342252825066e-05,
                    36200893.941609524,
                    0.099051942821531,
                    0.09640193322097308,
                    -0.10292196713202721
                ],
                [
                    -2.2282754125092557e-05,
                    -35681007.40927985,
                    -0.10132756331075747,
                    -0.10292196713202721,
                    0.11290316847782428
                ]
            ]
        }
    }
}