{
    "engcal": [
        -0.0527382512702113,
        0.18275656944895746,
        4.786353048248489e-09
    ],
    "effcal": [
        0.002700607642226816,
        91.8982416621301,
        2.1307894207729094,
        1.7470565957882451,
        0.5587028817959894
    ],
    "unc_effcal": [
        [
            5.815960476922711e-08,
            -6.830455991174607e-20,
            2.4653779736292863e-05,
            5.60943920446795e-05,
            -3.915571607488122e-05
        ],
        [
            -6.830455991174607e-20,
            1.0319617985704815e-31,
            -4.26074827690191e-17,
            -8.530656683975333e-17,
            5.35232154072927e-17
        ],
        [
            2.4653779736292863e-05,
            -4.26074827690191e-17,
            0.02008059877608052,
            0.034949102584391455,
            -0.020586191521802022
        ],
        [
            5.60943920446795e-05,
            -8.530656683975333e-17,
            0.034949102584391455,
            0.07062642984559261,
            -0.04424700020749685
        ],
        [
            -3.9155716074881215e-05,
            5.352321540729269e-17,
            -0.02058619152180202,
            -0.04424700020749684,
            0.029017942128949925
        ]
    ],
    "rescal": [
        2.7105380667451273,
        0.00036075132797380347
    ],
    "_calib_data": {
        "engcal": {
            "channel": [
                3619.788613378776,
                665.8764662588642,
                1339.4302456239502,
                1481.9160848353165,
                1618.5109372968243,
                1801.7705018207314,
                1884.2655391442827,
                2012.84334902103,
                2249.7427900849884,
                2276.273933417759,
                2429.2819457911664,
                2673.5584102233943,
                2754.351618819345,
                3085.6152381129027,
                3098.428892951456,
                3206.7583738649237,
                3591.426154944859,
                3691.3309846652546,
                3712.5801279278985,
                3767.681485591544,
                3935.4687832820746,
                4185.123746443122,
                4261.2774542616735,
                4433.790922630415,
                4603.0658142048205,
                4745.35195264697,
                5029.578990462934,
                5067.78073496998,
                5270.021452070995,
                5274.693892007625,
                5499.4321144194055,
                5940.995750359271,
                5962.508908433827,
                6073.667867179848,
                6084.720746921613,
                6636.489305483291,
                6837.876172317544,
                7108.206698464287,
                7703.8426737492255,
                7982.784999999999,
                8361.241807798577
            ],
            "energy": [
                661.657,
                121.7817,
                244.6974,
                271.08,
                295.9387,
                329.41,
                344.2785,
                367.7891,
                411.1165,
                416.02,
                443.9606,
                488.6792,
                503.467,
                563.986,
                566.438,
                586.2648,
                656.489,
                674.64,
                678.623,
                688.67,
                719.346,
                764.88,
                778.9045,
                810.451,
                841.574,
                867.38,
                919.337,
                926.31,
                963.367,
                964.057,
                1005.27,
                1085.837,
                1089.737,
                1109.18,
                1112.076,
                1212.948,
                1249.94,
                1299.142,
                1408.013,
                1457.643,
                1528.1
            ],
            "unc_channel": [
                0.009831169796792633,
                0.006042554651854078,
                0.005473734773363238,
                0.13439826778406416,
                0.02901396434728456,
                0.12642165796671848,
                0.0029577344684484754,
                0.014725369393246516,
                0.010200830274138276,
                0.11226819177320195,
                0.007397167614106324,
                0.03742647718364012,
                0.11833940905705143,
                0.04367111055107283,
                0.13079982900173442,
                0.3475217208987777,
                0.13171122313644246,
                0.13306382213704168,
                0.04994638207322379,
                0.02674384079998258,
                0.06735762795449184,
                0.27034669403477685,
                0.00691221333493514,
                0.06638226618949267,
                0.176634666123887,
                0.012379156450887505,
                0.07333791026057562,
                0.10214448848513978,
                10.857167100735543,
                0.13082240335574846,
                0.03788064738506083,
                0.009851403458373712,
                0.0294866765855259,
                0.9239428206070412,
                0.023914896549618203,
                0.027759237933176965,
                0.1958676463593583,
                0.03380452925804953,
                0.021760634238556485,
                0.6680915942982105,
                0.08708632418191617
            ],
            "fit": [
                -0.0527382512702113,
                0.18275656944895746,
                4.786353048248489e-09
            ],
            "unc": [
                [
                    0.0020394532362614814,
                    -1.3610087994538983e-06,
                    1.7314475166928038e-10
                ],
                [
                    -1.3610087994538983e-06,
                    1.0168173687184998e-09,
                    -1.3686069736553513e-13
                ],
                [
                    1.7314475166928038e-10,
                    -1.3686069736553513e-13,
                    1.970682728576487e-17
                ]
            ]
        },
        "rescal": {
            "channel": [
                3619.788613378776,
                1339.4302456239502,
                1481.9160848353165,
                1801.7705018207314,
                1884.2655391442827,
                2012.84334902103,
                2249.7427900849884,
                2276.273933417759,
                2429.2819457911664,
                2673.5584102233943,
                2754.351618819345,
                3085.6152381129027,
                3098.428892951456,
                3206.7583738649237,
                3591.426154944859,
                3691.3309846652546,
                3712.5801279278985,
                3767.681485591544,
                3935.4687832820746,
                4185.123746443122,
                4261.2774542616735,
                4433.790922630415,
                4603.0658142048205,
                4745.35195264697,
                5029.578990462934,
                5067.78073496998,
                5274.693892007625,
                5499.4321144194055,
                6073.667867179848,
                6084.720746921613,
                6636.489305483291,
                6837.876172317544,
                7108.206698464287,
                7703.8426737492255,
                7982.784999999999,
                8361.241807798577
            ],