{
    "engcal": [
        0.04551837463321148,
        0.18268603567194294,
        1.3878817442882025e-08
    ],
    "effcal": [
        0.0007844826938479364,
        5.281773290473351,
        1.5685061588404854,
        0.9626418180391665,
        2.0149485773437825
    ],
    "unc_effcal": [
        [
            5.279322797884073e-08,
            0.007461660306244983,
            0.0005233806370390674,
            0.000112057817680228,
            -0.0004776912649104101
        ],
        [
            0.007461660306244984,
            1507.5201945081224,
            105.66467108527,
            19.135695856916804,
            -77.38149136292813
        ],
        [
            0.0005233806370390674,
            105.66467108527,
            7.40900336060327,
            1.3447137470999249,
            -5.430327448811536
        ],
        [
            0.000112057817680228,
            19.135695856916804,
            1.3447137470999249,
            0.2670222834027479,
            -1.0953818015542716
        ],
        [
            -0.0004776912649104101,
            -77.38149136292813,
            -5.4303274488115365,
            -1.0953818015542716,
            4.557696037985764
        ]
    ],
    "rescal": [
        2.548939895166277,
        0.0003812847366069161
    ],
    "_calib_data": {
        "engcal": {
            "channel": [
                3619.712775831385,
                665.8698737861973,
                1339.5058560012812,
                1617.8919788218411,
                1884.2295770612068,
                2013.0828610695914,
                2249.7566775926684,
                2429.302786206936,
                2672.375297365483,
                3084.951141446156,
                3206.6639033331876,
                3711.0922250588883,
                3766.89632424185,
                4261.23147036928,
                4745.272809082052,
                5274.482438366159,
                5499.017979483087,
                5941.065938533033,
                5962.658297061956,
                6084.545671500722,
                6636.775376489939,
                7108.539203025381,
                7703.9167300373865,
                7982.784999999999,
                8361.337399829523,
                434.9475504510621,
                442.4811047036795,
                878.9645861661368,
                1221.3378181286218,
                1513.065812620278,
                1657.702317264594,
                1948.4639584897661,
                2100.7042307435577
            ],
            "energy": [
                661.657,
                121.7817,
                244.6974,
                295.9387,
                344.2785,
                367.7891,
                411.1165,
                443.9606,
                488.6792,
                563.986,
                586.2648,
                678.623,
                688.67,
                778.9045,
                867.38,
                964.057,
                1005.27,
                1085.837,
                1089.737,
                1112.076,
                1212.948,
                1299.142,
                1408.013,
                1457.643,
                1528.1,
                79.6142,
                80.9979,
                160.612,
                223.2368,
                276.3989,
                302.8508,
                356.0129,
                383.8485
            ],
            "unc_channel": [
                0.012900167935248029,
                0.008046955798358763,
                0.01309197834343057,
                0.07679599018025973,
                0.006885047218734579,
                0.06291138212515977,
                0.04142321565165263,
                0.027801144360727705,
                0.18891997228003513,
                0.2130255981142786,
                0.6293640069824528,
                0.2306494441599383,
                0.13053334812090822,
                0.019597120277441368,
                0.049255786874071346,
                0.032993123268747336,
                0.19253166264035793,
                0.03128817020160645,
                0.09264785422092237,
                0.03140400289661231,
                0.1385614127967576,
                0.10769506614565401,
                0.03964498136320812,
                0.9475390748856309,
                0.38967745097137874,
                0.24070547609377468,
                0.02452929062549605,
                0.11634466576478814,
                0.09916393503552852,
                0.01884699598847798,
                0.009233593731102125,
                0.013369307205186112,
                0.016713705484492955
            ],
            "fit": [
                0.04551837463321148,
                0.18268603567194294,
                1.3878817442882025e-08
            ],
            "unc": [
                [
                    0.002444749911538725,
                    -1.7641174031925495e-06,
                    2.3141126279521365e-10
                ],
                [
                    -1.7641174031925495e-06,
                    1.479302465351944e-09,
                    -2.090848121971814e-13
                ],
                [
                    2.3141126279521365e-10,
                    -2.090848121971814e-13,
                    3.275387143647803e-17
                ]
            ]
        },
        "rescal": {
            "channel": [
                3619.712775831385,
                665.8698737861973,
                1339.5058560012812,
                1884.2295770612068,
                2013.0828610695914,
                2249.7566775926684,
                2429.302786206936,
                2672.375297365483,
                3084.951141446156,
                3711.0922250588883,
                3766.89632424185,
                4261.23147036928,
                4745.272809082052,
                5274.482438366159,
                5499.017979483087,
                5941.065938533033,
                5962.658297061956,
                6084.545671500722,
                6636.775376489939,
                7108.539203025381,
                7703.9167300373865,
                7982.784999999999,
                8361.337399829523,
                434.9475504510621,
                442.4811047036795,
                878.9645861661368,
                1221.3378181286218,
                1513.065812620278,
                1657.702317264594,
                1948.4639584897661,
                2100.7042307435577
            ],
            "width": [
                3.86229087748303,
                2.866403875412604,
                2.9492263812856883,
                3.2548702668502982,
                3.248927911777266,
                3.2931415039638003,
                3.387950587904698,
                4.245463162021037,
                4.850999999999931,
                4.291519042893417,
                4.223880961832512,
                4.193499405029853,
                4.463900513536732,
                4.650076499595396,
                4.553071512997321,
                4.986681764103925,
                4.596202490997788,
                4.951539998746982,
                5.718271529730472,
                5.5306840237538415,
                5.517823460462133,
                7.784999999999998,
                5.189079315432409,
                3.2609999999912813,
                2.732252905742222,
                3.2614676994029916,
                2.3480006525942745,
                3.156532329361335,
                3.170184784300888,
                3.276363198197891,
                3.3586424467459004
            ],