{
    "engcal": [
        0.09663472821509454,
        0.1943334692217981,
        9.121225764400104e-09
    ],
    "effcal": [
        0.00021211094115394425,
        71.2733094564225,
        1.4282723829291366,
        0.619354931129096,
        3.944052547486775
    ],
    "unc_effcal": [
        [
            9.00244963841156e-09,
            -104.99613310137605,
            -9.597685466572691e-07,
            2.6558221332697862e-05,
            -0.0004104210243984653
        ],
        [
            -104.99613310137606,
            596154804412310.9,
            587363.9778973826,
            136967.87285242148,
            3498571.057937276
        ],
        [
            -9.597685466572691e-07,
            587363.9778973826,
            0.0037721334588601044,
            0.000681834755593237,
            0.03175393749061231
        ],
        [
            2.6558221332697862e-05,
            136967.87285242148,
            0.0006818347555932369,
            0.08348930452268756,
            -1.2366385656484589
        ],
        [
            -0.0004104210243984653,
            3498571.0579372756,
            0.03175393749061231,
            -1.2366385656484589,
            18.86930789863928
        ]
    ],
    "rescal": [
        1.7849624869108909,
        0.0004180263144137552
    ],
    "_calib_data": {
        "engcal": {
            "channel": [
                3403.492655008588,
                626.2420744762663,
                1258.9187307663283,
                1520.6189856975327,
                1771.2274280956665,
                1892.1676889611738,
                2115.0998960292586,
                2283.901224120794,
                3542.343217939037,
                4007.017062097861,
                4461.8386802119,
                4959.156925448468,
                5170.878489365476,
                5585.450978873693,
                5606.081580918098,
                5720.440447877141,
                6238.217450219594,
                6682.42997942495,
                7242.634916931993,
                7500.495799999999,
                7852.952412964416,
                409.237387476779,
                416.1295299664903,
                826.429951006964,
                1421.6119507886492,
                1557.6974024037597,
                1831.1275098128822,
                1974.3318714691984,
                3403.7576017609804,
                409.2679525307445,
                416.15227142276274,
                825.7006736601273,
                1148.5204953990585,
                1421.716033850858,
                1557.8242607263417,
                1831.280640260656,
                1974.3029110858788
            ],
            "energy": [
                661.657,
                121.7817,
                244.6974,
                295.9387,
                344.2785,
                367.7891,
                411.1165,
                443.9606,
                688.67,
                778.9045,
                867.38,
                964.057,
                1005.27,
                1085.837,
                1089.737,
                1112.076,
                1212.948,
                1299.142,
                1408.013,
                1457.643,
                1528.1,
                79.6142,
                80.9979,
                160.612,
                276.3989,
                302.8508,
                356.0129,
                383.8485,
                661.657,
                79.6142,
                80.9979,
                160.612,
                223.2368,
                276.3989,
                302.8508,
                356.0129,
                383.8485
            ],
            "unc_channel": [
                0.010306340913054437,
                0.00869361833755777,
                0.014378913578638486,
                0.07704292458478088,
                0.008645232605280252,
                0.053235836627722626,
                0.04149969533887655,
                0.03799673841891747,
                0.09961521651204829,
                0.019555826285703327,
                0.05134971389646797,
                0.02772153174073154,
                0.21210527370688187,
                0.03556786075879155,
                0.09175887833437235,
                0.03052084916659673,
                0.17237439449173453,
                0.14087501653024243,
                0.0344694275727259,
                1.2669609447986274,
                0.4434399206566253,
                0.09464357066881464,
                0.012135201919366612,
                0.11586626672270314,
                0.01730882857166526,
                0.012860563527122304,
                0.014311663889974919,
                0.014286263482247121,
                0.007280299410432865,
                0.09470535196573826,
                0.011331233409089547,
                0.09185966763441834,
                0.0883807785294063,
                0.01293049904405921,
                0.010579317903241667,
                0.013074990653223137,
                0.013057833269292276
            ],
            "fit": [
                0.09663472821509454,
                0.1943334692217981,
                9.121225764400104e-09
            ],
            "unc": [
                [
                    0.0002912807801451956,
                    -2.154973600862987e-07,
                    3.166468047562149e-11
                ],
                [
                    -2.154973600862987e-07,
                    2.0070502350606845e-10,
                    -3.330297998897391e-14
                ],
                [
                    3.166468047562149e-11,
                    -3.330297998897391e-14,
                    6.2623231603004315e-18
                ]
            ]
        },
        "rescal": {
            "channel": [
                3403.492655008588,
                626.2420744762663,
                1258.9187307663283,
                1520.6189856975327,
                1771.2274280956665,
                1892.1676889611738,
                2115.0998960292586,
                2283.901224120794,
                3542.343217939037,
                4007.017062097861,
                4461.8386802119,
                4959.156925448468,
                5170.878489365476,
                5585.450978873693,
                5606.081580918098,
                5720.440447877141,
                6238.217450219594,
                6682.42997942495,
                7242.634916931993,
                7852.952412964416,
                409.237387476779,
                416.1295299664903,
                826.429951006964,
                1421.6119507886492,
                1557.6974024037597,
                1831.1275098128822,
                1974.3318714691984,
                3403.7576017609804,
                409.2679525307445,
                416.15227142276274,
                825.7006736601273,
                1148.5204953990585,
                1421.716033850858,
                1557.8242607263417,
                1831.280640260656,
                1974.3029110858788
            ],