{
    "engcal": [
        0.1075450086364329,
        0.1943299173676725,
        1.4250669017005497e-08
    ],
    "effcal": [
        0.01911026711264107,
        3.3035360676475616,
        1.4285327871979043,
        2.0585023324801797,
        0.6430096349628279
    ],
    "unc_effcal": [
        [
            4.6722106673650936e-07,
            0.0007449924402596058,
            5.5137588198187826e-05,
            -5.652104788729665e-05,
            -7.259015081450964e-05
        ],
        [
            0.0007449924402596057,
            3.6560859122980003,
            0.08857089350836686,
            -0.8212917382345237,
            -0.15714865513034817
        ],
        [
            5.5137588198187826e-05,
            0.08857089350836687,
            0.011007665624733199,
            0.00042982729795086545,
            -0.010182078615428884
        ],
        [
            -5.6521047887296636e-05,
            -0.8212917382345237,
            0.0004298272979508667,
            0.2395509564591691,
            0.017195222227060474
        ],
        [
            -7.259015081450964e-05,
            -0.1571486551303482,
            -0.010182078615428884,
            0.017195222227060478,
            0.012928047667164452
        ]
    ],
    "rescal": [
        1.8812989491353476,
        0.00042542986934273117
    ],
    "_calib_data": {
        "engcal": {
            "channel": [
                3403.190451971596,
                626.048307585535,
                1258.4743000655913,
                1522.0032829095962,
                1693.8356616965602,
                1770.8199160909276,
                1891.677196857718,
                2114.435292359428,
                2283.597546175973,
                2513.7818256852142,
                2901.543753993988,
                3015.178600512649,
                3490.7716745852103,
                3542.48465138615,
                3701.406664212843,
                4006.2398453687806,
                4169.466042621728,
                4461.286249267993,
                4728.294264530656,
                4764.657097226245,
                4958.358466448664,
                5169.076222818869,
                5584.831098342873,
                5605.122750997446,
                5719.602533100978,
                6238.487690867264,
                6430.805558283275,
                6681.810832702311,
                7241.530817328392,
                7497.017499783778,
                7862.218796287283,
                409.06508146854463,
                416.1451087208981,
                825.9728658180287,
                1148.160632171957,
                1421.8505634186656,
                1557.9640534225991,
                1831.487476042076,
                1974.6820050406964
            ],
            "energy": [
                661.657,
                121.7817,
                244.6974,
                295.9387,
                329.41,
                344.2785,
                367.7891,
                411.1165,
                443.9606,
                488.6792,
                563.986,
                586.2648,
                678.623,
                688.67,
                719.346,
                778.9045,
                810.451,
                867.38,
                919.337,
                926.31,
                964.057,
                1005.27,
                1085.837,
                1089.737,
                1112.076,
                1212.948,
                1249.94,
                1299.142,
                1408.013,
                1457.643,
                1528.1,
                79.6142,
                80.9979,
                160.612,
                223.2368,
                276.3989,
                302.8508,
                356.0129,
                383.8485
            ],
            "unc_channel": [
                0.005101064976801563,
                0.003618468429661771,
                0.007717088647161521,
                0.059351490562961226,
                0.10803761865459026,
                0.0048384850222519035,
                0.04303241437656633,
                0.016661030674602156,
                0.019738221712614395,
                0.09761794240620814,
                0.10780785686110007,
                0.08573594184700596,
                0.11247364940576723,
                0.03997640820643277,
                0.1403366512986922,
                0.012041110237936572,
                0.10929485638789006,
                0.027767982928746028,
                0.12399027034674989,
                0.2205313998936631,
                0.015616552362560569,
                0.09906844047127464,
                0.01629065232662686,
                0.045984392642896076,
                0.019901200812941246,
                0.06027970200693711,
                0.3758035671437478,
                0.06043216368209431,
                0.019822506801532292,
                0.1092787145800214,
                0.1253412277714203,
                0.03027186656292251,
                0.004279328461668675,
                0.03670222687303117,
                0.04869754491684037,
                0.009847286541521567,
                0.007616319192729402,
                0.0047189211328097285,
                0.040895428077000646
            ],
            "fit": [
                0.1075450086364329,
                0.1943299173676725,
                1.4250669017005497e-08
            ],
            "unc": [
                [
                    0.00018184956263559001,
                    -1.4681233690107207e-07,
                    2.1265795524248338e-11
                ],
                [
                    -1.4681233690107207e-07,
                    1.5822688397531697e-10,
                    -2.5726038549080683e-14
                ],
                [
                    2.1265795524248338e-11,
                    -2.5726038549080683e-14,
                    4.75294194871265e-18
                ]
            ]
        },
        "rescal": {
            "channel": [
                3403.190451971596,
                626.048307585535,
                1258.4743000655913,
                1522.0032829095962,
                1693.8356616965602,
                1770.8199160909276,
                1891.677196857718,
                2114.435292359428,
                2283.597546175973,
                2513.7818256852142,
                2901.543753993988,
                3015.178600512649,
                3490.7716745852103,
                3542.48465138615,
                3701.406664212843,
                4006.2398453687806,
                4169.466042621728,
                4461.286249267993,
                4728.294264530656,
                4764.657097226245,
                4958.358466448664,
                5169.076222818869,
                5584.831098342873,
                5605.122750997446,
                5719.602533100978,
                6238.487690867264,
                6430.805558283275,
                6681.810832702311,
                7241.530817328392,
                7497.017499783778,
                7862.218796287283,
                409.06508146854463,
                825.9728658180287,
                1148.160632171957,
                1421.8505634186656,
                1557.9640534225991,
                1831.487476042076,
                1974.6820050406964
            ],