{
    "engcal": [
        0.05459877883678192,
        0.19434367535746686,
        1.928208491414513e-08
    ],
    "effcal": [
        0.001211739834596792,
        90.52025534944814,
        1.708120949406362,
        1.6781879713267271,
        0.7900376743671987
    ],
    "unc_effcal": [
        [
            1.0876431442559926e-08,
            -1.7911503404089497e-20,
            8.917232361372264e-06,
            2.7245714998078553e-05,
            -2.2100671103491462e-05
        ],
        [
            -1.7911503404089494e-20,
            3.376973819886639e-32,
            -1.8170423949414914e-17,
            -5.168036126767503e-17,
            3.951156096930694e-17
        ],
        [
            8.917232361372264e-06,
            -1.8170423949414914e-17,
            0.010783210314110312,
            0.027770664005190744,
            -0.020422810004346724
        ],
        [
            2.7245714998078553e-05,
            -5.168036126767504e-17,
            0.027770664005190744,
            0.07913750160845703,
            -0.060368285780444814
        ],
        [
            -2.2100671103491462e-05,
            3.951156096930695e-17,
            -0.020422810004346724,
            -0.060368285780444814,
            0.04729437481617697
        ]
    ],
    "rescal": [
        1.8123673046697348,
        0.0004192390398817118
    ],
    "_calib_data": {
        "engcal": {
            "channel": [
                3403.4196529503624,
                626.0416374304114,
                1258.445065487093,
                1521.159577158261,
                1770.6004585856085,
                1891.4588268155883,
                2114.409474879011,
                2283.1101000637923,
                2513.430772186739,
                2900.398208377745,
                3015.0602380051387,
                3490.2125868785774,
                3541.565037574705,
                4005.495354141396,
                4167.023479355944,
                4460.550599996292,
                4727.453353338353,
                4957.503277159791,
                5168.469342710233,
                5583.739429963003,
                5603.963227558308,
                5718.565971444844,
                6237.1692254442205,
                6680.822523664659,
                7240.163622837396,
                7500.495799999999,
                7858.663476776498,
                408.474760729411,
                416.31257430014176,
                826.1916136064392,
                1148.1093818646518,
                1422.065117090651,
                1558.1606297206877,
                1831.6800221228752,
                1974.8462385114306
            ],
            "energy": [
                661.657,
                121.7817,
                244.6974,
                295.9387,
                344.2785,
                367.7891,
                411.1165,
                443.9606,
                488.6792,
                563.986,
                586.2648,
                678.623,
                688.67,
                778.9045,
                810.451,
                867.38,
                919.337,
                964.057,
                1005.27,
                1085.837,
                1089.737,
                1112.076,
                1212.948,
                1299.142,
                1408.013,
                1457.643,
                1528.1,
                79.6142,
                80.9979,
                160.612,
                223.2368,
                276.3989,
                302.8508,
                356.0129,
                383.8485
            ],
            "unc_channel": [
                0.010449626339026014,
                0.006323035802436467,
                0.00847913733738987,
                0.04992397172132466,
                0.0050084113560650905,
                0.034887635848982905,
                0.01899888596404094,
                0.016027725546069654,
                0.08700096103362996,
                0.09706233843444385,
                0.13198904090535882,
                0.10774837205499768,
                0.0539537090548588,
                0.011152381857113607,
                0.13874201892151766,
                0.022384677629270412,
                0.12448739633909177,
                0.014592908505388196,
                0.08866951479113129,
                0.016924523572155827,
                0.047844946742731154,
                0.017261314185299307,
                0.05151859296077245,
                0.06816419793994907,
                0.020277691548690278,
                0.49987514783568665,
                0.16442418920297353,
                0.20684109172514625,
                0.023494635958963183,
                0.043241218586313857,
                0.06793006094114681,
                0.008766325028828327,
                0.0050772151385661,
                0.007808894552869367,
                0.010887960044047199
            ],
            "fit": [
                0.05459877883678192,
                0.19434367535746686,
                1.928208491414513e-08
            ],
            "unc": [
                [
                    0.0018254641477112846,
                    -1.3580362147858393e-06,
                    1.8259655395220326e-10
                ],
                [
                    -1.3580362147858393e-06,
                    1.136609261001874e-09,
                    -1.6140728813668324e-13
                ],
                [
                    1.8259655395220326e-10,
                    -1.6140728813668324e-13,
                    2.464993435264161e-17
                ]
            ]
        },
        "rescal": {
            "channel": [
                3403.4196529503624,
                626.0416374304114,
                1258.445065487093,
                1521.159577158261,
                1770.6004585856085,
                1891.4588268155883,
                2114.409474879011,
                2283.1101000637923,
                2513.430772186739,
                2900.398208377745,
                3015.0602380051387,
                3490.2125868785774,
                3541.565037574705,
                4005.495354141396,
                4167.023479355944,
                4460.550599996292,
                4727.453353338353,
                4957.503277159791,
                5168.469342710233,
                5583.739429963003,
                5603.963227558308,
                5718.565971444844,
                6237.1692254442205,
                6680.822523664659,
                7240.163622837396,
                7500.495799999999,
                7858.663476776498,
                408.474760729411,
                416.31257430014176,
                826.1916136064392,
                1148.1093818646518,
                1422.065117090651,
                1558.1606297206877,
                1831.6800221228752,
                1974.8462385114306
            ],