{
    "engcal": [
        0.0792553878880135,
        0.19434139843391204,
        1.6382922826613392e-08
    ],
    "effcal": [
        0.0022254003425584935,
        80.97819013726468,
        1.7573542368361372,
        1.7906982730576742,
        0.6918281680222573
    ],
    "unc_effcal": [
        [
            2.0315593445889477e-08,
            5448.891270487827,
            1.3931066620742234e-05,
            3.4018391299360256e-05,
            -2.134702098589062e-05
        ],
        [
            5448.891270487827,
            1.1444976041561082e+16,
            6099144.187266004,
            11041615.426116703,
            -6331570.42588937
        ],
        [
            1.3931066620742232e-05,
            6099144.187266004,
            0.012611031805592398,
            0.027170774109225568,
            -0.015925743046268582
        ],
        [
            3.4018391299360256e-05,
            11041615.426116703,
            0.027170774109225575,
            0.06339681187064873,
            -0.0381218879459573
        ],
        [
            -2.134702098589062e-05,
            -6331570.425889369,
            -0.015925743046268582,
            -0.03812188794595729,
            0.02335206089290034
        ]
    ],
    "rescal": [
        1.8456747896809234,
        0.00041222729174400226
    ],
    "_calib_data": {
        "engcal": {
            "channel": [
                3403.3587997707436,
                626.1044936955903,
                1258.5553628530054,
                1521.7223332478952,
                1770.7754511182713,
                1891.6039181670817,
                2114.4798065582463,
                2283.4303179396966,
                2513.1661279791288,
                2901.0063801467354,
                3014.8483472511894,
                3490.183357450378,
                3541.9499811115966,
                4005.8799499464385,
                4168.007775615975,
                4460.846278427259,
                4728.310449389457,
                4763.411994377263,
                4957.873140867818,
                5169.743531078214,
                5584.221626286942,
                5604.249838010816,
                5718.965603492046,
                6237.860806348403,
                6681.202963450826,
                7240.797851722767,
                7500.495799999999,
                7858.24436617621,
                409.3059200582297,
                416.27552259778275,
                826.0546073363881,
                1148.2652283623227,
                1421.9341378810134,
                1558.0264875451467,
                1831.499993983116,
                1974.7026800308975
            ],
            "energy": [
                661.657,
                121.7817,
                244.6974,
                295.9387,
                344.2785,
                367.7891,
                411.1165,
                443.9606,
                488.6792,
                563.986,
                586.2648,
                678.623,
                688.67,
                778.9045,
                810.451,
                867.38,
                919.337,
                926.31,
                964.057,
                1005.27,
                1085.837,
                1089.737,
                1112.076,
                1212.948,
                1299.142,
                1408.013,
                1457.643,
                1528.1,
                79.6142,
                80.9979,
                160.612,
                223.2368,
                276.3989,
                302.8508,
                356.0129,
                383.8485
            ],
            "unc_channel": [
                0.01127514193093918,
                0.0037185869066693757,
                0.007263014450576445,
                0.052572501371839137,
                0.0035502388397728544,
                0.03454195262044392,
                0.013224235876276339,
                0.01379061471693245,
                0.09950348609219199,
                0.07238404331122994,
                0.12591314041214277,
                0.09692319586949735,
                0.041639181071793596,
                0.0100964125925671,
                0.12433311329068472,
                0.0190957410238801,
                0.10505719581734924,
                0.15928702928816002,
                0.011487524484724908,
                0.08244421296845213,
                0.016171544590171612,
                0.048060324200578444,
                0.01841115088044268,
                0.04866981144730949,
                0.05214856172082637,
                0.019485527776854947,
                0.44782971989805,
                0.12454097320904772,
                0.3323212737101661,
                0.02583137695537423,
                0.04033722662321969,
                0.05919503373270655,
                0.009750327964192188,
                0.0065162221616620955,
                0.0067610523124794165,
                0.01471070491210009
            ],
            "fit": [
                0.0792553878880135,
                0.19434139843391204,
                1.6382922826613392e-08
            ],
            "unc": [
                [
                    0.0003535504722875895,
                    -2.7809887966563565e-07,
                    3.8569009688167074e-11
                ],
                [
                    -2.7809887966563565e-07,
                    2.5722563331796327e-10,
                    -3.8264264750810775e-14
                ],
                [
                    3.8569009688167074e-11,
                    -3.8264264750810775e-14,
                    6.24487376388308e-18
                ]
            ]
        },
        "rescal": {
            "channel": [
                3403.3587997707436,
                626.1044936955903,
                1258.5553628530054,
                1521.7223332478952,
                1770.7754511182713,
                1891.6039181670817,
                2114.4798065582463,
                2283.4303179396966,
                2513.1661279791288,
                2901.0063801467354,
                3014.8483472511894,
                3490.183357450378,
                3541.9499811115966,
                4005.8799499464385,
                4168.007775615975,
                4460.846278427259,
                4728.310449389457,
                4763.411994377263,
                4957.873140867818,
                5169.743531078214,
                5584.221626286942,
                5604.249838010816,
                5718.965603492046,
                6237.860806348403,
                6681.202963450826,
                7240.797851722767,
                7500.495799999999,
                7858.24436617621,
                409.3059200582297,
                416.27552259778275,
                826.0546073363881,
                1148.2652283623227,
                1421.9341378810134,
                1558.0264875451467,
                1831.499993983116,
                1974.7026800308975
            ],