{
    "engcal": [
        0.04976514558270669,
        0.1943964779279084,
        8.67541267617003e-09
    ],
    "effcal": [
        0.0007662587147938521,
        86.23397750522624,
        1.6866044382417793,
        1.6211608603637848,
        0.8460617019985371
    ],
    "unc_effcal": [
        [
            5.552298420142667e-09,
            3387.3693836766492,
            6.536131910966098e-06,
            2.0818489517809784e-05,
            -1.8870339369352414e-05
        ],
        [
            3387.3693836766492,
            4.559706936134726e+16,
            10627742.48137076,
            19728181.099333208,
            -14728748.960149532
        ],
        [
            6.536131910966099e-06,
            10627742.48137076,
            0.013349593158080372,
            0.034005358354034676,
            -0.026832133823907662
        ],
        [
            2.0818489517809784e-05,
            19728181.099333204,
            0.034005358354034676,
            0.0978119876204575,
            -0.08091849653523618
        ],
        [
            -1.887033936935241e-05,
            -14728748.960149532,
            -0.02683213382390766,
            -0.08091849653523618,
            0.06948655862831613
        ]
    ],
    "rescal": [
        1.8187977162449473,
        0.000412993746863206
    ],
    "_calib_data": {
        "engcal": {
            "channel": [
                408.9009196837664,
                416.1400103399565,
                825.6427806988537,
                1147.9591214891,
                1421.4227720343433,
                1557.4500765404055,
                1830.8281322633215,
                1973.9438837588439,
                626.1480601739879,
                1258.600163518754,
                1520.981887543042,
                1770.7546017554128,
                1891.728012242436,
                2114.503994654353,
                2283.572777735534,
                2513.5568366376874,
                2901.0369828390158,
                3015.3274203954516,
                3489.860992031974,
                3541.4124867514893,
                4005.7523140014205,
                4460.732430426707,
                4728.390742143298,
                4957.727951079528,
                5169.352561426521,
                5584.007969865323,
                5604.408502108237,
                5718.872882234136,
                6237.7345279700985,
                6680.587154566966,
                7240.515660674903,
                7500.495799999999,
                7858.417159380711
            ],
            "energy": [
                79.6142,
                80.9979,
                160.612,
                223.2368,
                276.3989,
                302.8508,
                356.0129,
                383.8485,
                121.7817,
                244.6974,
                295.9387,
                344.2785,
                367.7891,
                411.1165,
                443.9606,
                488.6792,
                563.986,
                586.2648,
                678.623,
                688.67,
                778.9045,
                867.38,
                919.337,
                964.057,
                1005.27,
                1085.837,
                1089.737,
                1112.076,
                1212.948,
                1299.142,
                1408.013,
                1457.643,
                1528.1
            ],
            "unc_channel": [
                0.1977931707100072,
                0.020841779267062276,
                0.04760567046442706,
                0.054009770869935185,
                0.010837632331136647,
                0.005580129798541679,
                0.008370308359556256,
                0.009007941958324911,
                0.010205616356147876,
                0.010106839976331205,
                0.06142965884498857,
                0.004400342446717249,
                0.04596216633553754,
                0.021506367094041048,
                0.020032717141608626,
                0.09352118814001258,
                0.10307397130524584,
                0.21418546633096844,
                0.117431947677264,
                0.06772955013027361,
                0.012336660014825754,
                0.02773964144222374,
                0.14273143842620017,
                0.016586520200580702,
                0.09158804144656045,
                0.016951378540201,
                0.04801288332463322,
                0.024490656808596068,
                0.07104032063149637,
                0.07078646823451061,
                0.019157400205647084,
                0.7472646641908463,
                0.1456353271951889
            ],
            "fit": [
                0.04976514558270669,
                0.1943964779279084,
                8.67541267617003e-09
            ],
            "unc": [
                [
                    0.00048672247535835796,
                    -3.553902763981791e-07,
                    4.578795058360922e-11
                ],
                [
                    -3.553902763981791e-07,
                    2.7987630352304937e-10,
                    -3.742581936686587e-14
                ],
                [
                    4.578795058360922e-11,
                    -3.742581936686587e-14,
                    5.305490208596313e-18
                ]
            ]
        },
        "rescal": {
            "channel": [
                408.9009196837664,
                416.1400103399565,
                825.6427806988537,
                1147.9591214891,
                1421.4227720343433,
                1557.4500765404055,
                1830.8281322633215,
                1973.9438837588439,
                626.1480601739879,
                1258.600163518754,
                1770.7546017554128,
                1891.728012242436,
                2114.503994654353,
                2283.572777735534,
                2513.5568366376874,
                2901.0369828390158,
                3015.3274203954516,
                3489.860992031974,
                3541.4124867514893,
                4005.7523140014205,
                4460.732430426707,
                4728.390742143298,
                4957.727951079528,
                5169.352561426521,
                5584.007969865323,
                5604.408502108237,
                5718.872882234136,
                6237.7345279700985,
                6680.587154566966,
                7240.515660674903,
                7500.495799999999,
                7858.417159380711
            ],
            "width": [
                3.2453999999999317,
                1.9093823220551176,
                2.2886894875566277,
                2.0349832718595575,
                2.449908362917695,
                2.4671071633831874,
                2.578751124392131,
                2.624291869047058,
                2.069486053627058,
                2.3109853008470043,
                2.5468127620539214,
                2.801149203990135,
                2.6981114909354154,
                2.761206816272703,
                3.2688682185975706,
                3.8876692331988276,
                3.2079016737250776,
                3.2846215350652113,
                3.0949690501534075,
                3.497530557151298,
                3.7464983407606294,
                3.5729767553960414,
                3.8394995029745895,
                3.9560968885680774,
                4.099192121214941,
                3.8249720200575004,
                4.204212606956156,
                4.1315505073140395,
                4.517738944961206,
                4.826353234995113,
                7.4957999999998455,
                4.787381176440716
            ],